信号日期,股票名称,股票数量,买入单价,买入总价,卖出单价,卖出总价,单次利润,单次利润率,当前资产,累计利润率
2015-01-05,sh510050,19000.0,2.622,49822.9818,2.361,44854.51410000001,-4968.467699999994,-0.0997224076219379,50000.0,-0.0997224076219379
2015-01-20,sz159915,27100.0,1.657,44909.19047,1.668,45198.27972,289.08924999999726,0.006437195749344739,45031.532300000006,-0.09328521187259317
2015-01-21,sh510050,18100.0,2.503,45308.83043,2.499,45227.37681,-81.45362000000023,-0.0017977427187365212,45320.62155,-0.09508295459132969
2015-01-22,sz159915,26800.0,1.683,45108.91044,2.424,64956.70368,19847.79324,0.43999717675291294,45239.16793,0.34491422216158324
2015-04-10,sh510050,22100.0,2.936,64892.08856,2.999,66271.27221000001,1379.1836500000136,0.02125349454155423,65086.96117,0.36616771670313747
2015-04-14,sz159915,27200.0,2.44,66374.6368,2.33,63369.6624,-3004.974399999992,-0.045272931723221006,66466.14482000002,0.32089478497991647
2015-04-15,sh510050,21000.0,3.011,63237.3231,3.22,67613.238,4375.914899999996,0.06919829438510809,63461.170420000024,0.3900930793650246
2015-04-29,sz159915,24900.0,2.723,67809.48027,3.15,78427.1565,10617.676229999997,0.15658099999768657,67837.08532000001,0.5466740793627112
2015-06-19,空仓,0.0,0.0,0.0,0.0,0.0,0.0,0.0,78454.76155000001,0.5466740793627112
2015-07-02,sh511010,700.0,105.823,74083.50760999999,105.907,74127.48650999999,43.978900000001886,0.0005936395483799352,78454.76155000001,0.5472677189110912
2015-07-03,空仓,0.0,0.0,0.0,0.0,0.0,0.0,0.0,78498.74045000001,0.5472677189110912
2015-07-07,sh511010,700.0,107.299,75116.81093,108.721,76097.08953,980.2785999999905,0.013050056144069993,78498.74045000001,0.5603177750551611
2015-07-29,sz159915,30800.0,2.573,79256.32483999999,2.4,73912.60800000001,-5343.716839999979,-0.06742322269910567,79479.01905,0.49289455235605545
2015-07-30,sh511010,600.0,108.266,64966.095960000006,108.622,65166.68268,200.58671999999206,0.0030875600116635365,74135.30221000002,0.495982112367719
2015-08-06,sz159915,31600.0,2.35,74267.42599999999,2.489,78644.53476,4377.108760000003,0.058937127563839405,74335.88893000002,0.5549192399315585
2015-08-12,sh511010,700.0,108.522,75972.99654000001,108.358,75843.01494000001,-129.98159999999916,-0.0017108921053490824,78712.99769000002,0.5532083478262093
2015-08-14,sz159915,31100.0,2.525,78535.35275,2.343,72860.01327000001,-5675.339479999995,-0.07226477352264767,78583.01609000002,0.48094357430356166
2015-08-18,空仓,0.0,0.0,0.0,0.0,0.0,0.0,0.0,72907.67661000002,0.48094357430356166
2015-08-26,sh511010,600.0,108.1,64866.486,108.532,65112.68808,246.20208000000275,0.003795520540452935,72907.67661000002,0.4847390948440146
2015-08-28,空仓,0.0,0.0,0.0,0.0,0.0,0.0,0.0,73153.87869000003,0.4847390948440146
2015-08-31,sh511010,600.0,108.766,65266.125960000005,108.45,65063.493,-202.63296000000264,-0.0031047186732699804,73153.87869000003,0.4816343761707446
2015-09-10,空仓,0.0,0.0,0.0,0.0,0.0,0.0,0.0,72951.24573000002,0.4816343761707446
2015-09-17,sh511010,600.0,108.372,65029.70232,108.278,64960.303320000006,-69.39899999999034,-0.0010671892615852642,72951.24573000002,0.48056718690915934
2015-09-25,sh510050,33500.0,2.171,72735.77285,2.127,71247.37455,-1488.3983000000007,-0.02046308496741299,72881.84673000003,0.46010410194174634
2015-09-29,sz159915,36500.0,1.952,71255.1248,2.454,89562.0429,18306.918099999995,0.2569207218622399,71393.44843000003,0.7170248238039862
2015-12-02,sh510050,36400.0,2.462,89625.76168,2.461,89571.44196,-54.319719999999506,-0.0006060726177585273,89700.36653000003,0.7164187511862277
2015-12-03,sz159915,35000.0,2.561,89643.9635,2.531,88576.1415,-1067.8220000000001,-0.011911811552152088,89646.04681000003,0.7045069396340756
2015-12-08,sh511010,800.0,108.725,86988.698,108.821,87048.09432,59.39631999999983,0.0006828050237054913,88578.22481000003,0.7051897446577812
2015-12-17,sz159915,33100.0,2.674,88518.25094,2.656,87904.80864,-613.4422999999952,-0.006930122245815753,88637.62113000003,0.6982596224119654
2015-12-22,sh511010,800.0,109.459,87575.95672,109.501,87592.03992000001,16.08320000000822,0.00018364857892937236,88024.17883000003,0.6984432709908948
2015-12-23,sh510050,35200.0,2.499,87973.59648000001,2.412,84893.90976,-3079.6867200000124,-0.035006943483322873,88040.26203000004,0.6634363275075719
2015-12-28,sh511010,700.0,110.065,77053.20455,109.998,76990.90014000001,-62.304409999982454,-0.0008085894722204965,84960.57531000003,0.6626277380353514
2015-12-29,sh510050,34900.0,2.432,84885.28768000001,2.278,79494.24978,-5391.03790000001,-0.06350968521568907,84898.27090000005,0.5991180528196622
2016-01-04,sh511010,700.0,109.505,76661.16535,109.756,76821.51708,160.3517300000094,0.0020916943966076745,79507.23300000004,0.60120974721627
2016-01-28,空仓,0.0,0.0,0.0,0.0,0.0,0.0,0.0,79667.58473000005,0.60120974721627
2016-02-03,sh511010,700.0,109.91,76944.6937,110.109,77068.59237,123.89866999999504,0.0016102302061668358,79667.58473000005,0.6028199774224368
2016-02-17,sz159915,37800.0,2.109,79728.17202,1.896,71661.63312,-8066.5389,-0.10117551544987749,79791.48340000004,0.5016444619725593
2016-02-25,sh511010,600.0,110.279,66174.01673999999,110.498,66292.17012000001,118.15338000001793,0.00178549506015702,71724.94450000004,0.5034299570327163
2016-03-03,sh510050,34900.0,2.053,71656.86497,2.158,75306.66858,3649.8036100000027,0.050934458429461524,71843.09788000006,0.5543644154621779
2016-03-30,sz159915,35300.0,2.134,75337.73302,2.03,71651.83410000001,-3685.8989199999924,-0.04892500440677572,75492.90149000006,0.5054394110554021
2016-04-20,sh510050,33400.0,2.148,71750.37432000002,2.146,71669.23236,-81.14196000002266,-0.0011308924973427602,71807.00257000007,0.5043085185580594
2016-04-21,空仓,0.0,0.0,0.0,0.0,0.0,0.0,0.0,71725.86061000005,0.5043085185580594
2016-04-26,sh510050,33300.0,2.152,71668.76616,2.144,71388.06048,-280.7056799999991,-0.003916708700877112,71725.86061000005,0.5003918098571822
2016-04-27,空仓,0.0,0.0,0.0,0.0,0.0,0.0,0.0,71445.15493000005,0.5003918098571822
2016-04-28,sh510050,33300.0,2.142,71335.73285999999,2.153,71687.73051,351.9976500000048,0.004934380511528747,71445.15493000005,0.505326190368711
2016-05-04,空仓,0.0,0.0,0.0,0.0,0.0,0.0,0.0,71797.15258000005,0.505326190368711
2016-05-05,sz159915,33900.0,2.116,71739.57324000001,2.018,68403.35898,-3336.214260000008,-0.04650451779018706,71797.15258000005,0.4588216725785239
2016-05-06,空仓,0.0,0.0,0.0,0.0,0.0,0.0,0.0,68460.93832000004,0.4588216725785239
2016-05-24,sh511010,600.0,110.899,66546.05394,110.891,66527.94654,-18.107399999993504,-0.0002721032867902235,68460.93832000004,0.4585495692917337
2016-05-31,sz159915,33000.0,2.069,68283.8277,2.088,68897.1096,613.2819000000018,0.008981363825918064,68442.83092000005,0.46753093311765176
2016-06-02,sh511010,600.0,110.8,66486.648,110.755,66446.3547,-40.29330000000482,-0.0006060359668005043,69056.11282000005,0.4669248971508513
2016-06-03,sz159915,32700.0,2.109,68971.19643,2.102,68728.52646,-242.66997000000265,-0.0035184248289253962,69015.81952000005,0.4634064723219259
2016-06-06,空仓,0.0,0.0,0.0,0.0,0.0,0.0,0.0,68773.14955000005,0.4634064723219259
2016-06-07,sz159915,32700.0,2.098,68611.46045999999,2.141,70003.69893,1392.2384700000111,0.020291631466024203,68773.14955000005,0.4836981037879501
2016-07-07,sh510050,32000.0,2.189,70055.0048,2.177,69657.0336,-397.97119999999995,-0.005680838951280751,70165.38802000006,0.47801726483666934
2016-07-08,sz159915,32500.0,2.145,69719.47125,2.125,69055.59375,-663.8775000000023,-0.009522124710605895,69767.41682000006,0.46849514012606347
2016-07-11,sh510050,31500.0,2.188,68928.8922,2.236,70426.9566,1498.064400000003,0.021733475646950887,69103.53932000005,0.49022861577301435
2016-07-13,sz159915,32200.0,2.188,70460.64536000001,2.061,66357.56358,-4103.081780000008,-0.058232248073181815,70601.60372000006,0.4319963676998325
2016-07-27,sh510050,30000.0,2.215,66456.645,2.188,65633.436,-823.2090000000026,-0.012387158575338892,66498.52194000005,0.4196092091244936
2016-08-03,sh511010,500.0,112.627,56319.131349999996,112.79,56389.3605,70.22915000000648,0.0012469856746113767,65675.31294000005,0.420856194799105
2016-08-08,sh510050,29800.0,2.204,65685.76792000001,2.223,66238.77545999999,553.0075399999769,0.008418985687637779,65745.54209000006,0.4292751804867428
2016-08-11,sh511010,500.0,113.06,56535.653,113.036,56512.3482,-23.304799999998068,-0.0004122142181677475,66298.54963000004,0.42886296626857506
2016-08-12,sh510050,29100.0,2.272,66121.81152,2.265,65904.90885,-216.90266999999585,-0.003280349781923153,66275.24483000004,0.4255826164866519
2016-08-29,sz159915,31400.0,2.101,65977.99713999999,2.099,65902.00914000001,-75.987999999983,-0.0011517172890038263,66058.34216000004,0.4244308991976481
2016-08-31,sh510050,28800.0,2.284,65785.77792,2.286,65830.21632,44.438400000013644,0.0006755016267201974,65982.35416000006,0.4251064008243683
2016-09-06,sz159915,31000.0,2.128,65974.5968,2.114,65527.446599999996,-447.1502000000037,-0.006777611712513015,66026.79256000007,0.4183287891118553
2016-09-07,sh510050,28600.0,2.29,65500.549399999996,2.29,65487.450600000004,-13.09879999999248,-0.00019998000199968521,65579.64236000007,0.4181288091098556
2016-09-08,sz159915,30800.0,2.128,65548.95424,2.051,63164.48292,-2384.471320000004,-0.036376954409822235,65566.54356000008,0.38175185470003337
2016-09-14,空仓,0.0,0.0,0.0,0.0,0.0,0.0,0.0,63182.072240000074,0.38175185470003337
2016-09-22,sh511010,500.0,112.85,56430.6425,112.873,56430.85635,0.21385000000009313,3.789607747246421e-06,63182.072240000074,0.38175564430778064
2016-09-23,空仓,0.0,0.0,0.0,0.0,0.0,0.0,0.0,63182.286090000074,0.38175564430778064
2016-09-26,sh511010,500.0,112.903,56457.14515,113.175,56581.84125,124.69610000000102,0.0022086858920814744,63182.286090000074,0.3839643301998621
2016-10-10,sz159915,29800.0,2.119,63152.51462,2.079,61948.00458000001,-1204.5100399999938,-0.01907303370653958,63306.982190000075,0.3648912964933225
2016-10-17,sh511010,500.0,113.415,56713.17075,113.762,56875.3119,162.1411500000031,0.0028589681701054093,62102.47215000008,0.3677502646634279
2016-10-21,sh510050,27100.0,2.295,62200.71945,2.36,63949.604400000004,1748.884950000007,0.028116796163521016,62264.613300000085,0.39586706082694895
2016-12-14,空仓,0.0,0.0,0.0,0.0,0.0,0.0,0.0,64013.49825000009,0.39586706082694895
2017-01-13,sh511010,500.0,110.754,55382.5377,110.54,55264.473,-118.06470000000263,-0.0021318037219519217,64013.49825000009,0.393735257104997
2017-01-18,sh510050,27200.0,2.344,63763.17567999999,2.396,65164.68288,1401.5072000000073,0.02197988392287063,63895.43355000009,0.41571514102786766
2017-02-22,sz159915,35500.0,1.838,65255.5249,1.845,65490.95025,235.42535000000498,0.0036077458630633893,65296.940750000096,0.41932288689093106
2017-03-29,空仓,0.0,0.0,0.0,0.0,0.0,0.0,0.0,65532.3661000001,0.41932288689093106
2017-04-05,sh510050,27500.0,2.382,65511.5505,2.35,64618.5375,-893.012999999999,-0.013631382453694163,65532.3661000001,0.4056915044372369
2017-04-14,sh511010,500.0,110.94,55475.547,110.697,55342.96515,-132.58184999999503,-0.0023899151458568768,64639.3531000001,0.40330158929138
2017-04-17,sh510050,27400.0,2.353,64478.647220000006,2.338,64054.793880000005,-423.8533400000015,-0.006573545790342365,64506.77125000011,0.39672804350103763
2017-04-18,sh511010,500.0,110.6,55305.53,110.456,55222.4772,-83.05279999999766,-0.0015017087802973348,64082.917910000106,0.3952263347207403
2017-04-19,空仓,0.0,0.0,0.0,0.0,0.0,0.0,0.0,63999.86511000011,0.3952263347207403
2017-04-25,sh510050,27300.0,2.342,63942.99366000001,2.339,63848.314529999996,-94.67913000001136,-0.0014806802838078343,63999.86511000011,0.3937456544369325
2017-04-26,空仓,0.0,0.0,0.0,0.0,0.0,0.0,0.0,63905.1859800001,0.3937456544369325
2017-05-16,sh510050,26800.0,2.379,63763.57571999999,2.35,62973.702,-789.873719999996,-0.012387538043169138,63905.1859800001,0.3813581163937634
2017-05-18,空仓,0.0,0.0,0.0,0.0,0.0,0.0,0.0,63115.3122600001,0.3813581163937634
2017-05-19,sh510050,26700.0,2.355,62884.78785,2.543,67891.31019,5006.522340000003,0.07961420418467713,63115.3122600001,0.4609723205784405
2017-07-03,sz159915,38600.0,1.764,68097.20903999999,1.761,67967.80253999999,-129.40649999999732,-0.0019003201720643873,68121.8346000001,0.45907200040637614
2017-07-05,sh510050,26500.0,2.563,67926.29195,2.635,69820.51725,1894.2253000000055,0.027886481738092366,67992.4281000001,0.4869584821444685
2017-08-14,sz159915,41000.0,1.702,69788.9782,1.782,73054.6938,3265.715599999996,0.0467941454973186,69886.65340000011,0.5337526276417871
2017-09-15,sh510050,26800.0,2.722,72956.89496,2.729,73129.88627999999,172.99131999998644,0.0023711442228295516,73152.36900000011,0.5361237718646167
2017-09-18,sz159915,40500.0,1.808,73231.3224,1.796,72730.7262,-500.59619999999995,-0.006835820842694491,73325.3603200001,0.5292879510219222
2017-10-16,sh510050,26100.0,2.781,72591.35841,2.838,74064.39282000001,1473.0344100000075,0.020292145542727385,72824.7641200001,0.5495800965646496
2017-12-01,sh511010,600.0,109.325,65601.5595,109.473,65677.23162,75.6721200000029,0.0011535109923721083,74297.7985300001,0.5507336075570217
2017-12-04,sh510050,26000.0,2.858,74315.4308,2.844,73936.6056,-378.8252000000066,-0.005097530834740268,74373.4706500001,0.5456360767222814
2017-12-07,sh511010,600.0,109.452,65677.76711999999,109.352,65604.63888,-73.12823999999091,-0.0011134398017273964,73994.6454500001,0.544522636920554
2017-12-11,sh510050,25500.0,2.898,73906.3899,2.846,72565.7427,-1340.6471999999922,-0.01813980092673952,73921.51721000011,0.5263828359938145
2017-12-12,空仓,0.0,0.0,0.0,0.0,0.0,0.0,0.0,72580.87001000012,0.5263828359938145
2017-12-13,sh511010,600.0,109.311,65593.15866,109.52,65705.4288,112.27013999999326,0.001711613562962288,72580.87001000012,0.5280944495567768
2018-01-02,sh510050,25000.0,2.907,72682.2675,2.933,73317.6675,635.3999999999942,0.0087421598397435,72693.14015000011,0.5368366093965202
2018-01-05,sz159915,43200.0,1.696,73274.52672,1.701,73475.85167999999,201.3249599999981,0.002747543641862203,73328.5401500001,0.5395841530383825
2018-01-08,sh510050,24900.0,2.944,73312.93056000001,2.939,73173.78189000001,-139.14866999999504,-0.0018980099272680748,73529.8651100001,0.5376861431111144
2018-02-08,sh511010,600.0,110.039,66030.00233999999,110.9,66533.346,503.3436600000132,0.007622953841622009,73390.7164400001,0.5453090969527364
2018-03-01,sz159915,43700.0,1.687,73729.27219,1.669,72928.00647000001,-801.2657199999958,-0.010867674346969513,73894.06010000012,0.5344414226057669
2018-03-02,sh511010,600.0,110.976,66592.25856,110.861,66509.94834,-82.31021999999939,-0.0012360328629766688,73092.79438000012,0.5332053897427902
2018-03-09,sz159915,41500.0,1.755,72839.78325,1.72,71372.862,-1466.9212499999994,-0.02013901173985165,73010.48416000012,0.5130663780029385
2018-04-12,sh511010,600.0,111.586,66958.29516000001,112.311,67379.86134,421.56617999999435,0.006295951517174116,71543.56291000012,0.5193623295201126
2018-04-26,sz159915,42800.0,1.681,71953.99468,1.701,72795.51972,841.5250399999932,0.011695320652348708,71965.12909000012,0.5310576501724613
2018-05-02,sh511010,600.0,112.275,67371.7365,112.007,67197.47958,-174.2569199999998,-0.0025864988651435428,72806.65413000011,0.5284711513073178
2018-05-09,sh510050,26700.0,2.711,72390.93837,2.723,72696.82959,305.8912199999904,0.004225545722816003,72632.39721000011,0.5326966970301338
2018-05-10,sz159915,41300.0,1.762,72777.87706,1.734,71607.03858,-1170.8384800000058,-0.016087835030344947,72938.2884300001,0.5166088619997888
2018-05-11,sh511010,600.0,112.083,67256.52498,112.066,67232.87604,-23.64893999999913,-0.0003516229838968277,71767.4499500001,0.516257239015892
2018-05-15,sz159915,40800.0,1.756,71651.96448,1.731,70617.73752000001,-1034.2269599999854,-0.01443403495641304,71743.8010100001,0.501823204059479
2018-05-18,sh510050,25800.0,2.733,70518.45114,2.736,70581.74112,63.28998000000138,0.0008974953218180024,70709.57405000011,0.502720699381297
2018-05-21,sz159915,40200.0,1.757,70638.46313999999,1.698,68252.77403999999,-2385.6891000000032,-0.03377323053124402,70772.86403000011,0.468947468850053
2018-05-28,sh511010,600.0,112.31,67392.7386,112.172,67296.46968,-96.26892000000225,-0.001428476153364129,68387.17493000011,0.4675189926966889
2018-05-29,空仓,0.0,0.0,0.0,0.0,0.0,0.0,0.0,68290.90601000011,0.4675189926966889
2018-05-31,sh510050,25700.0,2.651,68137.51307,2.643,67918.30748999999,-219.20558000000892,-0.0032171056753247146,68290.90601000011,0.46430188702136416
2018-06-01,空仓,0.0,0.0,0.0,0.0,0.0,0.0,0.0,68071.7004300001,0.46430188702136416
2018-06-04,sh510050,25300.0,2.686,67962.59558000001,2.694,68151.38418,188.7885999999853,0.002777830928746075,68071.7004300001,0.4670797179501102
2018-06-07,空仓,0.0,0.0,0.0,0.0,0.0,0.0,0.0,68260.48903000008,0.4670797179501102
2018-06-08,sh511010,600.0,112.131,67285.32786,112.08,67241.2752,-44.0526600000012,-0.0006547142059211064,68260.48903000008,0.4664250037441891
2018-06-12,空仓,0.0,0.0,0.0,0.0,0.0,0.0,0.0,68216.43637000008,0.4664250037441891
2018-06-13,sh511010,600.0,112.093,67262.52558,112.239,67336.66566000001,74.14008000001195,0.0011022494228503507,68216.43637000008,0.46752725316703947
2018-06-28,空仓,0.0,0.0,0.0,0.0,0.0,0.0,0.0,68290.5764500001,0.46752725316703947
2018-06-29,sh511010,600.0,112.856,67720.37135999999,113.398,68031.99612000001,311.6247600000206,0.004601639857280615,68290.5764500001,0.4721288930243201
2018-07-19,sz159915,45300.0,1.514,68591.05842,1.518,68758.52346,167.4650399999955,0.0024414995752735824,68602.20121000012,0.47457039259959366
2018-07-27,sh510050,26700.0,2.575,68759.37525,2.494,66583.14102000001,-2176.2342299999873,-0.03165000004853865,68769.66625000011,0.44292039255105503
2018-08-08,sh511010,500.0,113.92,56965.695999999996,113.777,56882.81115,-82.88484999999491,-0.0014549958276643354,66593.43202000012,0.4414653967233907
2018-08-09,sh510050,26000.0,2.551,66332.6326,2.518,65461.453199999996,-871.1794000000009,-0.01313349652882616,66510.54717000012,0.4283319001945645
2018-08-14,sh511010,500.0,113.758,56884.6879,112.513,56250.87435,-633.8135499999989,-0.011142076600898412,65639.36777000013,0.41718982359366613
2018-08-17,空仓,0.0,0.0,0.0,0.0,0.0,0.0,0.0,65005.55422000013,0.41718982359366613
2018-09-03,sh510050,25800.0,2.512,64816.08096,2.466,63616.43772,-1199.6432399999976,-0.01850841985865104,65005.55422000013,0.3986814037350151
2018-09-06,空仓,0.0,0.0,0.0,0.0,0.0,0.0,0.0,63805.91098000013,0.3986814037350151
2018-09-14,sh510050,25700.0,2.475,63613.86075,2.452,63010.09836,-603.7623899999962,-0.00949105089491045,63805.91098000013,0.38919035284010467
2018-09-17,空仓,0.0,0.0,0.0,0.0,0.0,0.0,0.0,63202.148590000135,0.38919035284010467
2018-09-18,sh510050,25100.0,2.513,63082.60762999999,2.533,63571.942169999995,489.33454000000347,0.0077570436350714875,63202.148590000135,0.3969473964751762
2018-10-08,sh511010,500.0,114.0,57005.7,113.546,56767.322700000004,-238.37729999999283,-0.00418163973076364,63691.48313000014,0.39276575674441255
2018-10-10,sh510050,24900.0,2.545,63376.83705,2.439,60725.02689,-2651.810160000001,-0.04184194547146466,63453.105830000146,0.3509238112729479
2018-10-11,sh511010,500.0,113.938,56974.6969,114.513,57250.77435,276.07744999999704,0.004845615071626595,60801.295670000145,0.35576942634457454
2018-10-19,sh510050,24500.0,2.491,61035.60295,2.516,61635.8358,600.2328500000003,0.009834143040934771,61077.37312000014,0.3656035693855093
2018-10-26,sh511010,500.0,114.296,57153.7148,114.932,57460.2534,306.53859999999986,0.005363406404512483,61677.60597000014,0.3709669757900218
2018-11-12,sz159915,47400.0,1.305,61863.1857,1.28,60665.9328,-1197.2528999999995,-0.019353237090084085,61984.14457000014,0.35161373869993773
2018-12-06,sh511010,500.0,115.697,57854.28485,115.988,57988.200600000004,133.9157500000074,0.0023147075510001297,60786.89167000014,0.35392844625093783
2018-12-11,sz159915,47700.0,1.277,60918.99128999999,1.276,60859.11348000001,-59.87780999998358,-0.000982908756892248,60920.80742000015,0.35294553749404556
2018-12-12,sh511010,500.0,116.007,58009.30035,116.48,58234.176,224.87565000000177,0.003876544772014334,60860.92961000017,0.3568220822660599
2019-01-21,sh510050,25100.0,2.424,60848.48424,2.571,64525.646790000006,3677.162550000008,0.060431456854314704,61085.80526000017,0.4172535391203746
2019-02-18,sz159915,47700.0,1.357,64735.37289,1.665,79412.55795,14677.185060000003,0.2267258904175906,64762.96781000018,0.6439794295379652
2019-04-08,sh510050,26900.0,2.943,79174.61667,2.787,74962.80297,-4211.813699999999,-0.053196515210864215,79440.15287000018,0.590782914327101
2019-05-06,空仓,0.0,0.0,0.0,0.0,0.0,0.0,0.0,75228.33917000018,0.590782914327101
2019-05-13,sh511010,600.0,116.485,69897.9891,116.732,70032.19608,134.2069799999881,0.0019200406439158647,75228.33917000018,0.5927029549710168
2019-06-11,sh510050,26700.0,2.814,75141.31338,2.925,78089.69025,2948.376869999993,0.03923776065890203,75362.54615000017,0.6319407156299188
2019-07-16,sz159915,52500.0,1.489,78180.31725,1.512,79372.062,1191.7447500000126,0.0152435394472643,78310.92302000016,0.6471842550771831
2019-07-31,sh511010,600.0,117.69,70621.0614,117.94,70756.9236,135.86219999998866,0.0019238198535485144,79502.66777000017,0.6491080749307316
2019-08-02,sz159915,53000.0,1.501,79560.9553,1.473,78061.1931,-1499.7621999999974,-0.018850480041935812,79638.52997000016,0.6302575948887958
2019-08-05,sh511010,600.0,118.29,70981.0974,118.64,71176.88160000001,195.78420000000915,0.0027582582852545352,78138.76777000017,0.6330158531740504
2019-08-12,sz159915,52700.0,1.486,78320.03121999999,1.47,77461.2531,-858.7781199999881,-0.010964986946796422,78334.55197000018,0.622050866227254
2019-08-13,sh511010,600.0,118.629,71184.51774000001,118.428,71049.69432000001,-134.82342000000062,-0.0018939992048894732,77475.77385000019,0.6201568670223646
2019-08-16,sz159915,51100.0,1.512,77270.92632,1.561,79759.12328999999,2488.19696999999,0.03220094657200934,77340.95043000019,0.652357813594374
2019-09-26,sh510050,26800.0,2.978,79818.38104000001,3.014,80767.12247999999,948.7414399999834,0.011886252610467421,79829.14740000018,0.6642440662048413
2019-10-18,空仓,0.0,0.0,0.0,0.0,0.0,0.0,0.0,80777.88884000016,0.6642440662048413
2019-10-21,sh510050,26700.0,3.016,80535.25271999999,3.019,80599.23927,63.986550000015995,0.0007945160391124678,80777.88884000016,0.6650385822439538
2019-10-22,空仓,0.0,0.0,0.0,0.0,0.0,0.0,0.0,80841.87539000018,0.6650385822439538
2019-10-24,sh510050,26800.0,3.008,80622.46144,3.069,82240.97508,1618.5136400000047,0.020075219871629916,80841.87539000018,0.6851138021155838
2019-11-04,sz159915,50400.0,1.634,82361.83536,1.638,82546.94447999999,185.1091199999937,0.002247510867028276,82460.38903000018,0.687361312982612
2019-11-06,sh510050,26800.0,3.079,82525.45172000001,3.079,82508.94828000001,-16.50344000000041,-0.00019998000199980496,82645.49815000017,0.6871613329806122
2019-11-07,sz159915,50000.0,1.651,82558.255,1.61,80491.95,-2066.3050000000076,-0.025028448094015644,82628.99471000017,0.6621328848865966
2019-11-11,sh510050,26700.0,3.013,80455.14471,3.017,80545.84461,90.69990000000689,0.001127334993019204,80562.68971000017,0.6632602198796158
2019-11-12,sz159915,50000.0,1.611,80558.055,1.608,80391.96,-166.0949999999866,-0.002061804992684923,80653.38961000017,0.6611984148869309
2019-11-26,sh511010,600.0,118.56,71143.1136,118.96,71368.8624,225.7488000000012,0.0031731644649300424,80487.29461000019,0.6643715793518609
2019-12-06,sz159915,48500.0,1.662,80615.0607,1.656,80307.9684,-307.0923000000039,-0.0038093663557832425,80713.04341000019,0.6605622129960776
2019-12-09,sh511010,600.0,118.789,71280.52734,118.719,71224.27686,-56.250480000002426,-0.0007891423099564631,80405.95111000018,0.6597730706861212
2019-12-10,sz159915,48100.0,1.67,80335.0327,1.708,82146.58452,1811.5518200000079,0.022549960572805092,80349.70063000018,0.6823230312589263
2020-02-03,sh511010,600.0,122.597,73565.55582,121.336,72794.31984000001,-771.2359799999831,-0.010483655990951,82161.25245000019,0.6718393752679753
2020-02-04,sz159915,44800.0,1.816,81364.93568,1.952,87440.85504,6075.91936,0.07467491136348921,81390.0164700002,0.7465142866314646
2020-03-13,sh511010,700.0,122.212,85556.95484,124.963,87465.35259,1908.3977499999892,0.02230558291338071,87465.9358300002,0.7688198695448453
2020-04-16,sz159915,46200.0,1.932,89267.32583999999,1.949,90034.79562,767.469780000014,0.008597432182247771,89374.3335800002,0.777417301727093
2020-04-21,sh510050,32500.0,2.771,90066.50575,2.79,90665.9325,599.4267499999987,0.0066553792112668785,90141.80336000021,0.7840726809383599
2020-04-22,sz159915,46100.0,1.967,90687.76787,2.45,112933.70550000001,22245.937630000015,0.2453025160117442,90741.23011000021,1.0293751969501042
2020-07-06,sh510050,32500.0,3.469,112753.77425,3.402,110553.9435,-2199.8307500000083,-0.01951004092441729,112987.16774000022,1.0098651560256868
2020-07-07,sz159915,44200.0,2.503,110643.66326,2.641,116720.52678,6076.863519999999,0.054922833725416904,110787.33699000021,1.0647879897511037
2020-08-10,sh511010,900.0,121.611,109460.84499000001,121.278,109139.28498000001,-321.56001000000106,-0.002937671548482727,116864.20051000021,1.0618503182026209
2020-08-13,空仓,0.0,0.0,0.0,0.0,0.0,0.0,0.0,116542.64050000021,1.0618503182026209
2020-08-17,sh510050,34000.0,3.418,116223.6212,3.312,112596.7392,-3626.881999999998,-0.03120606605225959,116542.64050000021,1.0306442521503614
2020-08-20,空仓,0.0,0.0,0.0,0.0,0.0,0.0,0.0,112915.75850000021,1.0306442521503614
2020-08-21,sh510050,33800.0,3.336,112768.07567999998,3.301,111562.64262,-1205.4330599999812,-0.01068948860509616,112915.75850000021,1.0199547635452653
2020-09-07,空仓,0.0,0.0,0.0,0.0,0.0,0.0,0.0,111710.32544000023,1.0199547635452653
2020-09-08,sh510050,33400.0,3.336,111433.54224,3.285,109708.0281,-1725.5141399999993,-0.015484692537940445,111710.32544000023,1.0044700710073249
2020-09-09,空仓,0.0,0.0,0.0,0.0,0.0,0.0,0.0,109984.81130000023,1.0044700710073249
2020-09-11,sh510050,33100.0,3.313,109671.26603,3.346,110741.52474000001,1070.2587100000092,0.009758788684971006,109984.81130000023,1.014228859692296
2020-09-16,空仓,0.0,0.0,0.0,0.0,0.0,0.0,0.0,111055.07001000024,1.014228859692296
2020-09-18,sh510050,32600.0,3.406,111046.70356000001,3.322,108286.37028,-2760.333280000006,-0.024857408563312835,111055.07001000024,0.9893714511289831
2020-09-22,sh511010,800.0,121.217,96983.29736000001,120.523,96408.75816,-574.5392000000138,-0.005924104620482598,108294.73673000024,0.9834473465085004
2020-10-09,空仓,0.0,0.0,0.0,0.0,0.0,0.0,0.0,107720.19753000022,0.9834473465085004
2020-10-12,sh510050,31200.0,3.442,107401.13904000001,3.425,106849.314,-551.8250400000106,-0.00513798126288485,107720.19753000022,0.9783093652456155
2020-10-15,sz159915,40400.0,2.65,107070.706,2.634,106402.95864,-667.7473600000085,-0.006236508424629314,107168.37249000021,0.9720728568209862
2020-10-16,sh510050,31000.0,3.432,106402.6392,3.409,105668.4321,-734.2070999999996,-0.006900271511310403,106500.6251300002,0.9651725853096758
2020-10-19,sz159915,40600.0,2.6,105570.556,2.516,102139.38504000001,-3431.1709599999886,-0.0325012114173197,105766.4180300002,0.9326713738923561
2020-10-23,sh510050,30000.0,3.408,102250.224,3.354,100609.938,-1640.2860000000073,-0.0160418817273203,102335.24707000022,0.9166294921650358
2020-10-26,sz159915,39700.0,2.533,100570.15600999999,2.674,106147.18422000001,5577.028210000019,0.05545410717514924,100694.96107000021,0.972083599340185
2020-11-10,sh510050,30600.0,3.466,106070.20596,3.388,103662.43272,-2407.7732400000095,-0.022699807341827936,106271.98928000023,0.949383791998357
2020-11-13,sh511010,800.0,120.442,96363.23535999999,120.412,96319.96704,-43.26831999998831,-0.0004490127364273701,103864.21604000022,0.9489347792619296
2020-11-18,sh510050,30200.0,3.435,103747.3737,3.493,105478.05114,1730.6774399999995,0.016681650612231348,103820.94772000023,0.965616429874161
2020-11-24,sz159915,40800.0,2.582,105356.13455999999,2.528,103132.08576,-2224.0487999999896,-0.021109817755637198,105551.62516000023,0.9445066121185237
2020-11-25,sh510050,29700.0,3.468,103009.89996000001,3.456,102632.93568,-376.9642800000147,-0.003659495642131431,103327.57636000024,0.9408471164763923
2020-12-10,空仓,0.0,0.0,0.0,0.0,0.0,0.0,0.0,102950.61208000022,0.9408471164763923
2020-12-11,sz159915,39500.0,2.601,102749.77395,2.667,105335.96534999998,2586.1913999999815,0.02516980135896427,102950.61208000022,0.9660169178353566
2020-12-15,sh510050,30400.0,3.464,105316.13056,3.482,105842.21472,526.0841599999985,0.004995285690830441,105536.8034800002,0.971012203526187
2020-12-16,sz159915,39700.0,2.667,105890.48799,3.084,122422.55652,16532.068530000004,0.15612420760173706,106062.8876400002,1.127136411127924
2021-02-05,sh510050,31900.0,3.834,122316.83046,3.939,125641.53459000001,3324.704130000013,0.02718108470843067,122594.95617000021,1.1543174958363547
2021-02-09,sz159915,39000.0,3.222,125670.5658,3.032,118236.1752,-7434.390599999999,-0.05915777137370061,125919.66030000022,1.095159724462654
2021-02-22,sh510050,30500.0,3.873,118138.31264999999,3.788,115522.4466,-2615.866049999997,-0.022142402336063814,118485.26970000022,1.0730173221265902
2021-02-24,sh511010,900.0,121.771,109604.85939,121.756,109569.44196,-35.41743000000133,-0.000323137406471895,115869.40365000023,1.0726941847201183
2021-02-25,sh510050,30100.0,3.843,115685.86743,3.743,112653.03357,-3032.833859999999,-0.026216113751622486,115833.98622000022,1.0464780709684958
2021-02-26,空仓,0.0,0.0,0.0,0.0,0.0,0.0,0.0,112801.15236000023,1.0464780709684958
2021-03-02,sh511010,900.0,121.983,109795.67847,121.72,109537.04520000001,-258.63326999999117,-0.0023555869739505164,112801.15236000023,1.0441224839945453
2021-03-26,空仓,0.0,0.0,0.0,0.0,0.0,0.0,0.0,112542.51909000023,1.0441224839945453
2021-03-30,sh511010,900.0,121.902,109722.77118,121.9,109699.029,-23.7421800000011,-0.00021638334271609035,112542.51909000023,1.0439061006518293
2021-04-01,空仓,0.0,0.0,0.0,0.0,0.0,0.0,0.0,112518.77691000023,1.0439061006518293
2021-04-02,sh511010,900.0,122.082,109884.78738,121.987,109777.32117,-107.46620999999868,-0.000977989879785293,112518.77691000023,1.042928110772044
2021-04-07,空仓,0.0,0.0,0.0,0.0,0.0,0.0,0.0,112411.31070000023,1.042928110772044
2021-04-08,sz159915,41200.0,2.728,112404.83936,2.649,109127.88612000001,-3276.953239999988,-0.02915313307378929,112411.31070000023,1.0137749776982548
2021-04-13,sh511010,800.0,122.313,97860.18504000001,122.273,97808.61816,-51.56688000001304,-0.0005269444358697591,109134.35746000025,1.013248033262385
2021-04-14,sz159915,40200.0,2.707,108832.28214,3.14,126215.3772,17383.095060000007,0.15972370254662757,109082.79058000023,1.1729717358090126
2021-07-27,sh511010,1000.0,124.856,124868.4856,124.646,124633.53540000001,-234.95019999999204,-0.0018815812402228095,126465.88564000024,1.1710901545687897
2021-07-29,sz159915,37500.0,3.358,125937.5925,3.328,124787.52,-1150.0724999999948,-0.009132082622589396,126230.93544000025,1.1619580719462004
2021-07-30,sh511010,1000.0,124.826,124838.4826,125.17,125157.48300000001,319.00040000000445,0.002555305009771117,125080.86294000025,1.1645133769559715
2021-08-02,sz159915,36900.0,3.393,125214.22017,3.326,122717.12706000001,-2497.093109999987,-0.019942568077409663,125399.86334000026,1.1445708088785618
2021-08-11,sh511010,900.0,124.493,112054.90436999999,124.777,112288.07007,233.1657000000123,0.002080816554267988,122902.77023000027,1.1466516254328298
2021-08-26,sz159915,38900.0,3.164,123091.90796000001,3.158,122833.91537999999,-257.9925800000201,-0.002095934527912732,123135.93593000028,1.144555690904917
2021-08-27,sh511010,900.0,124.815,112344.73335,125.1,112578.741,234.00764999999956,0.002082942769297156,122877.94335000026,1.1466386336742143
2021-09-01,空仓,0.0,0.0,0.0,0.0,0.0,0.0,0.0,123111.95100000026,1.1466386336742143
2021-09-03,sh511010,900.0,125.128,112626.46152,124.928,112423.95648,-202.50504000000365,-0.001798023637314071,123111.95100000026,1.1448406100369002
2021-09-07,sh510050,37400.0,3.284,122833.88216,3.249,121500.44874,-1333.4334199999867,-0.01085558313839738,122909.44596000026,1.1339850268985028
2021-09-08,sh511010,900.0,124.893,112414.94037,124.859,112361.86269,-53.07768000000215,-0.0004721585923125829,121576.01254000027,1.1335128683061901
2021-09-13,sh510050,37000.0,3.281,121409.1397,3.228,119424.05640000002,-1985.0832999999839,-0.016350361306447705,121522.93486000027,1.1171625069997424
2021-09-14,空仓,0.0,0.0,0.0,0.0,0.0,0.0,0.0,119537.85156000029,1.1171625069997424
2021-09-23,sh510050,37700.0,3.164,119294.72828,3.306,124623.73638,5329.008100000006,0.04467094377793579,119537.85156000029,1.1618334507776782
2021-10-14,sz159915,40100.0,3.112,124803.67912,3.176,127344.86424000001,2541.185120000009,0.020361459997959148,124866.8596600003,1.1821949107756373
2021-10-15,sh510050,38200.0,3.332,127295.12823999999,3.268,124825.11623999999,-2470.0120000000024,-0.019403821922729717,127408.0447800003,1.1627910888529076
2021-10-18,sz159915,39300.0,3.172,124672.06596,3.236,127162.08252000001,2490.0165600000037,0.019972529859246135,124938.0327800003,1.1827636187121537
2021-10-25,sh510050,38000.0,3.35,127312.73,3.287,124893.5094,-2419.2206000000006,-0.01900218933330548,127428.0493400003,1.1637614293788483
2021-10-27,sz159915,39000.0,3.205,125007.4995,3.178,123929.6058,-1077.8937000000005,-0.00862263227655394,125008.8287400003,1.1551387971022944
2021-10-28,sh510050,37700.0,3.286,123894.58821999999,3.304,124548.34391999998,653.7556999999942,0.005276709091111537,123930.9350400003,1.1604155061934058
2021-10-29,sz159915,38300.0,3.249,124449.14366999999,3.314,126913.50738,2464.363710000005,0.019802174907163066,124584.6907400003,1.180217681100569
2021-12-08,sh510050,38400.0,3.301,126771.07584,3.304,126860.91264,89.83679999999003,0.0007086537635239021,127049.0544500003,1.1809263348640928
2021-12-15,sz159915,37800.0,3.355,126831.6819,3.328,125785.82015999999,-1045.8617400000076,-0.008246060639837715,127138.89125000029,1.172680274224255
2021-12-17,sh510050,38600.0,3.265,126041.6029,3.258,125746.22412,-295.3787799999991,-0.0023435022500812633,126093.02951000028,1.1703367719741737
2021-12-21,sh511010,1000.0,125.755,125767.57549999999,126.021,126008.3979,240.82240000000456,0.00191482104224872,125797.65073000028,1.1722515930164226
2021-12-28,sh510050,38300.0,3.286,125866.38538,3.241,124117.88697,-1748.4984100000001,-0.013891702734778258,126038.47313000029,1.1583598902816443
2022-01-05,sh511010,900.0,126.283,113666.06547,126.716,114032.99556,366.9300899999944,0.0032281410329702896,124289.97472000029,1.1615880313146145
2022-02-22,空仓,0.0,0.0,0.0,0.0,0.0,0.0,0.0,124656.90481000028,1.1615880313146145
2022-02-23,sh511010,900.0,126.849,114175.51641000001,126.893,114192.27963,16.763219999993453,0.00014681974320831934,124656.90481000028,1.161734851057823
2022-02-24,空仓,0.0,0.0,0.0,0.0,0.0,0.0,0.0,124673.66803000028,1.161734851057823
2022-03-23,sh511010,900.0,126.951,114267.32559,127.483,114723.22653,455.9009400000068,0.003989775184166073,124673.66803000028,1.165724626241989
2022-04-15,sh510050,42900.0,2.914,125023.10106,2.816,120794.31936,-4228.781700000007,-0.033824002637485105,125129.56897000028,1.1319006236045037
2022-04-20,sh511010,900.0,127.42,114689.4678,128.1,115278.471,589.0032000000065,0.005135634607940926,120900.78727000028,1.1370362582124447
2022-05-27,sz159915,53900.0,2.251,121341.03288999999,2.629,141688.92969000002,20347.89680000003,0.16769180478664733,121489.79047000028,1.304728062999092
2022-07-25,sh511010,1100.0,128.129,140955.99419,128.752,141613.03728000002,657.043090000021,0.00466133486394603,141837.68727000032,1.309389397863038
2022-08-11,sz159915,53800.0,2.647,142422.84085999997,2.613,140565.34206,-1857.498799999972,-0.013042141195778227,142494.73036000034,1.2963472566672598
2022-08-12,sh511010,1000.0,128.755,128767.8755,129.505,129492.04950000001,724.1740000000136,0.005623871615401573,140637.23156000036,1.3019711282826614
2022-08-23,sz159915,52400.0,2.697,141336.93228,2.6,136226.376,-5110.556280000019,-0.03615867556737109,141361.4055600004,1.2658124527152903
2022-08-24,sh511010,1000.0,129.475,129487.9475,129.532,129519.04680000001,31.09930000001623,0.00024017138737963416,136250.84928000037,1.26605262410267
2022-09-09,sh510050,48600.0,2.8,136093.608,2.808,136455.15312,361.5451199999952,0.002656591483708737,136281.94858000037,1.2687092155863786
2022-09-13,sh511010,1000.0,129.426,129438.94259999998,129.193,129180.08070000002,-258.86189999995986,-0.0019998765039352224,136643.49370000037,1.2667093390824433
2022-09-16,空仓,0.0,0.0,0.0,0.0,0.0,0.0,0.0,136384.6318000004,1.2667093390824433
2022-10-24,sh511010,1000.0,129.375,129387.9375,129.303,129290.06970000001,-97.86779999999271,-0.0007563904479116742,136384.6318000004,1.2659529486345316
2022-10-26,sz159915,59100.0,2.302,136061.80482000002,2.265,133848.11385,-2213.690970000025,-0.016269745744800158,136286.76400000043,1.2496832028897313
2022-10-27,sh511010,1000.0,129.394,129406.9394,129.537,129524.0463,117.10689999999886,0.0009049506969484734,134073.0730300004,1.2505881535866799
2022-11-01,sz159915,58900.0,2.275,134010.89975,2.309,135986.49999,1975.6002399999998,0.014742086230937342,134190.1799300004,1.2653302398176172
2022-11-03,sh511010,1000.0,129.537,129549.9537,129.413,129400.05870000002,-149.89499999997497,-0.0011570440260217166,136165.7801700004,1.2641731957915954
