date,open,close
2011-12-09,0.795,0.797
2011-12-12,0.79,0.79
2011-12-13,0.788,0.768
2011-12-14,0.768,0.76
2011-12-15,0.755,0.752
2011-12-16,0.75,0.781
2011-12-19,0.775,0.795
2011-12-20,0.795,0.78
2011-12-21,0.786,0.766
2011-12-22,0.756,0.757
2011-12-23,0.75,0.761
2011-12-26,0.759,0.755
2011-12-27,0.75,0.729
2011-12-28,0.72,0.719
2011-12-29,0.713,0.718
2011-12-30,0.723,0.729
2012-01-04,0.735,0.708
2012-01-05,0.705,0.672
2012-01-06,0.668,0.67
2012-01-09,0.667,0.696
2012-01-10,0.696,0.72
2012-01-11,0.717,0.723
2012-01-12,0.717,0.711
2012-01-13,0.709,0.668
2012-01-16,0.656,0.635
2012-01-17,0.635,0.666
2012-01-18,0.665,0.624
2012-01-19,0.619,0.635
2012-01-20,0.634,0.648
2012-01-30,0.649,0.655
2012-01-31,0.652,0.65
2012-02-01,0.651,0.653
2012-02-02,0.654,0.67
2012-02-03,0.669,0.682
2012-02-06,0.683,0.69
2012-02-07,0.683,0.675
2012-02-08,0.677,0.696
2012-02-09,0.694,0.701
2012-02-10,0.7,0.701
2012-02-13,0.694,0.718
2012-02-14,0.715,0.715
2012-02-15,0.714,0.726
2012-02-16,0.723,0.723
2012-02-17,0.726,0.719
2012-02-20,0.725,0.723
2012-02-21,0.721,0.738
2012-02-22,0.738,0.762
2012-02-23,0.765,0.76
2012-02-24,0.758,0.764
2012-02-27,0.764,0.763
2012-02-28,0.758,0.75
2012-02-29,0.745,0.737
2012-03-01,0.733,0.743
2012-03-02,0.744,0.759
2012-03-05,0.76,0.761
2012-03-06,0.756,0.752
2012-03-07,0.743,0.749
2012-03-08,0.75,0.765
2012-03-09,0.767,0.779
2012-03-12,0.783,0.786
2012-03-13,0.787,0.793
2012-03-14,0.8,0.756
2012-03-15,0.759,0.747
2012-03-16,0.749,0.767
2012-03-19,0.764,0.78
2012-03-20,0.775,0.756
2012-03-21,0.759,0.75
2012-03-22,0.75,0.752
2012-03-23,0.75,0.74
2012-03-26,0.738,0.739
2012-03-27,0.746,0.737
2012-03-28,0.733,0.7
2012-03-29,0.698,0.686
2012-03-30,0.686,0.683
2012-04-05,0.68,0.701
2012-04-06,0.7,0.703
2012-04-09,0.701,0.691
2012-04-10,0.691,0.7
2012-04-11,0.69,0.701
2012-04-12,0.701,0.718
2012-04-13,0.719,0.722
2012-04-16,0.715,0.719
2012-04-17,0.719,0.71
2012-04-18,0.713,0.728
2012-04-19,0.726,0.728
2012-04-20,0.726,0.729
2012-04-23,0.725,0.686
2012-04-24,0.681,0.683
2012-04-25,0.681,0.684
2012-04-26,0.689,0.681
2012-04-27,0.68,0.688
2012-05-02,0.696,0.698
2012-05-03,0.697,0.703
2012-05-04,0.703,0.719
2012-05-07,0.717,0.737
2012-05-08,0.739,0.734
2012-05-09,0.729,0.724
2012-05-10,0.725,0.732
2012-05-11,0.73,0.722
2012-05-14,0.728,0.722
2012-05-15,0.718,0.724
2012-05-16,0.723,0.714
2012-05-17,0.715,0.72
2012-05-18,0.715,0.712
2012-05-21,0.712,0.708
2012-05-22,0.711,0.721
2012-05-23,0.72,0.716
2012-05-24,0.715,0.716
2012-05-25,0.718,0.706
2012-05-28,0.701,0.712
2012-05-29,0.709,0.725
2012-05-30,0.725,0.732
2012-05-31,0.73,0.74
2012-06-01,0.739,0.739
2012-06-04,0.727,0.723
2012-06-05,0.724,0.721
2012-06-06,0.723,0.72
2012-06-07,0.725,0.717
2012-06-08,0.724,0.721
2012-06-11,0.721,0.744
2012-06-12,0.74,0.741
2012-06-13,0.743,0.752
2012-06-14,0.751,0.745
2012-06-15,0.748,0.747
2012-06-18,0.755,0.759
2012-06-19,0.758,0.752
2012-06-20,0.755,0.754
2012-06-21,0.753,0.744
2012-06-25,0.74,0.73
2012-06-26,0.725,0.721
2012-06-27,0.72,0.725
2012-06-28,0.726,0.716
2012-06-29,0.713,0.734
2012-07-02,0.74,0.75
2012-07-03,0.747,0.749
2012-07-04,0.752,0.743
2012-07-05,0.741,0.728
2012-07-06,0.732,0.745
2012-07-09,0.74,0.725
2012-07-10,0.724,0.72
2012-07-11,0.719,0.726
2012-07-12,0.723,0.738
2012-07-13,0.737,0.73
2012-07-16,0.73,0.697
2012-07-17,0.688,0.702
2012-07-18,0.698,0.707
2012-07-19,0.704,0.714
2012-07-20,0.714,0.71
2012-07-23,0.701,0.711
2012-07-24,0.707,0.711
2012-07-25,0.711,0.713
2012-07-26,0.712,0.712
2012-07-27,0.715,0.709
2012-07-30,0.708,0.694
2012-07-31,0.691,0.683
2012-08-01,0.682,0.695
2012-08-02,0.694,0.695
2012-08-03,0.697,0.719
2012-08-06,0.714,0.736
2012-08-07,0.736,0.741
2012-08-08,0.741,0.735
2012-08-09,0.736,0.748
2012-08-10,0.747,0.748
2012-08-13,0.746,0.732
2012-08-14,0.73,0.742
2012-08-15,0.739,0.734
2012-08-16,0.732,0.729
2012-08-17,0.727,0.727
2012-08-20,0.719,0.736
2012-08-21,0.735,0.753
2012-08-22,0.753,0.752
2012-08-23,0.751,0.755
2012-08-24,0.753,0.739
2012-08-27,0.736,0.728
2012-08-28,0.727,0.733
2012-08-29,0.73,0.731
2012-08-30,0.727,0.707
2012-08-31,0.704,0.713
2012-09-03,0.71,0.729
2012-09-04,0.729,0.728
2012-09-05,0.724,0.736
2012-09-06,0.738,0.744
2012-09-07,0.748,0.766
2012-09-10,0.768,0.767
2012-09-11,0.764,0.766
2012-09-12,0.768,0.766
2012-09-13,0.766,0.751
2012-09-14,0.755,0.748
2012-09-17,0.746,0.727
2012-09-18,0.723,0.729
2012-09-19,0.729,0.734
2012-09-20,0.733,0.712
2012-09-21,0.712,0.694
2012-09-24,0.69,0.696
2012-09-25,0.69,0.684
2012-09-26,0.686,0.666
2012-09-27,0.67,0.683
2012-09-28,0.677,0.696
2012-10-08,0.69,0.697
2012-10-09,0.698,0.717
2012-10-10,0.716,0.725
2012-10-11,0.725,0.717
2012-10-12,0.717,0.711
2012-10-15,0.712,0.708
2012-10-16,0.707,0.709
2012-10-17,0.709,0.713
2012-10-18,0.713,0.724
2012-10-19,0.724,0.723
2012-10-22,0.717,0.728
2012-10-23,0.729,0.713
2012-10-24,0.708,0.711
2012-10-25,0.71,0.699
2012-10-26,0.699,0.688
2012-10-29,0.688,0.692
2012-10-30,0.691,0.692
2012-10-31,0.692,0.695
2012-11-01,0.697,0.706
2012-11-02,0.704,0.705
2012-11-05,0.705,0.696
2012-11-06,0.693,0.693
2012-11-07,0.694,0.692
2012-11-08,0.687,0.679
2012-11-09,0.678,0.678
2012-11-12,0.679,0.682
2012-11-13,0.682,0.671
2012-11-14,0.671,0.669
2012-11-15,0.667,0.663
2012-11-16,0.663,0.661
2012-11-19,0.661,0.661
2012-11-20,0.662,0.661
2012-11-21,0.661,0.666
2012-11-22,0.662,0.655
2012-11-23,0.657,0.656
2012-11-26,0.656,0.643
2012-11-27,0.644,0.62
2012-11-28,0.617,0.611
2012-11-29,0.613,0.607
2012-11-30,0.605,0.608
2012-12-03,0.608,0.598
2012-12-04,0.597,0.603
2012-12-05,0.603,0.627
2012-12-06,0.627,0.626
2012-12-07,0.626,0.641
2012-12-10,0.641,0.649
2012-12-11,0.647,0.642
2012-12-12,0.641,0.642
2012-12-13,0.64,0.633
2012-12-14,0.633,0.661
2012-12-17,0.661,0.654
2012-12-18,0.652,0.649
2012-12-19,0.65,0.654
2012-12-20,0.651,0.661
2012-12-21,0.661,0.671
2012-12-24,0.668,0.683
2012-12-25,0.678,0.697
2012-12-26,0.697,0.711
2012-12-27,0.712,0.703
2012-12-28,0.701,0.709
2012-12-31,0.711,0.713
2013-01-04,0.72,0.708
2013-01-07,0.703,0.721
2013-01-08,0.72,0.737
2013-01-09,0.734,0.735
2013-01-10,0.734,0.743
2013-01-11,0.744,0.731
2013-01-14,0.73,0.762
2013-01-15,0.766,0.78
2013-01-16,0.78,0.774
2013-01-17,0.774,0.768
2013-01-18,0.772,0.79
2013-01-21,0.79,0.794
2013-01-22,0.792,0.774
2013-01-23,0.774,0.781
2013-01-24,0.78,0.759
2013-01-25,0.755,0.763
2013-01-28,0.764,0.786
2013-01-29,0.788,0.792
2013-01-30,0.793,0.784
2013-01-31,0.784,0.78
2013-02-01,0.778,0.783
2013-02-04,0.784,0.771
2013-02-05,0.767,0.784
2013-02-06,0.782,0.791
2013-02-07,0.79,0.806
2013-02-08,0.806,0.822
2013-02-18,0.827,0.832
2013-02-19,0.833,0.818
2013-02-20,0.816,0.851
2013-02-21,0.845,0.838
2013-02-22,0.837,0.835
2013-02-25,0.833,0.854
2013-02-26,0.851,0.85
2013-02-27,0.85,0.842
2013-02-28,0.843,0.86
2013-03-01,0.86,0.885
2013-03-04,0.878,0.863
2013-03-05,0.863,0.887
2013-03-06,0.888,0.902
2013-03-07,0.899,0.88
2013-03-08,0.878,0.863
2013-03-11,0.859,0.867
2013-03-12,0.867,0.836
2013-03-13,0.832,0.832
2013-03-14,0.829,0.84
2013-03-15,0.837,0.853
2013-03-18,0.848,0.85
2013-03-19,0.847,0.841
2013-03-20,0.841,0.864
2013-03-21,0.865,0.88
2013-03-22,0.878,0.878
2013-03-25,0.882,0.88
2013-03-26,0.875,0.872
2013-03-27,0.872,0.882
2013-03-28,0.87,0.864
2013-03-29,0.865,0.86
2013-04-01,0.861,0.875
2013-04-02,0.877,0.847
2013-04-03,0.84,0.829
2013-04-08,0.821,0.854
2013-04-09,0.853,0.86
2013-04-10,0.857,0.849
2013-04-11,0.85,0.849
2013-04-12,0.835,0.844
2013-04-15,0.844,0.834
2013-04-16,0.827,0.842
2013-04-17,0.842,0.866
2013-04-18,0.861,0.871
2013-04-19,0.872,0.891
2013-04-22,0.891,0.915
2013-04-23,0.919,0.892
2013-04-24,0.892,0.926
2013-04-25,0.923,0.898
2013-04-26,0.892,0.89
2013-05-02,0.887,0.914
2013-05-03,0.916,0.938
2013-05-06,0.94,0.953
2013-05-07,0.951,0.95
2013-05-08,0.956,0.982
2013-05-09,0.979,0.99
2013-05-10,0.986,0.987
2013-05-13,0.985,0.991
2013-05-14,0.99,0.971
2013-05-15,0.971,1.01
2013-05-16,1.011,1.007
2013-05-17,1.005,1.017
2013-05-20,1.017,1.048
2013-05-21,1.047,1.073
2013-05-22,1.072,1.039
2013-05-23,1.026,1.043
2013-05-24,1.043,1.07
2013-05-27,1.066,1.085
2013-05-28,1.084,1.054
2013-05-29,1.053,1.064
2013-05-30,1.059,1.068
2013-05-31,1.066,1.067
2013-06-03,1.06,1.046
2013-06-04,1.046,1.02
2013-06-05,1.019,1.035
2013-06-06,1.025,1.018
2013-06-07,1.02,1.032
2013-06-13,1.018,1.024
2013-06-14,1.027,1.069
2013-06-17,1.073,1.067
2013-06-18,1.067,1.068
2013-06-19,1.06,1.064
2013-06-20,1.055,1.023
2013-06-21,1.0,1.027
2013-06-24,1.016,0.963
2013-06-25,0.946,0.986
2013-06-26,0.982,1.045
2013-06-27,1.045,1.02
2013-06-28,1.003,1.003
2013-07-01,1.002,1.06
2013-07-02,1.059,1.083
2013-07-03,1.072,1.1
2013-07-04,1.093,1.087
2013-07-05,1.086,1.052
2013-07-08,1.024,1.027
2013-07-09,1.026,1.048
2013-07-10,1.046,1.069
2013-07-11,1.068,1.082
2013-07-12,1.081,1.092
2013-07-15,1.088,1.138
2013-07-16,1.14,1.137
2013-07-17,1.135,1.126
2013-07-18,1.119,1.124
2013-07-19,1.124,1.106
2013-07-22,1.099,1.154
2013-07-23,1.156,1.173
2013-07-24,1.174,1.2
2013-07-25,1.198,1.147
2013-07-26,1.14,1.152
2013-07-29,1.143,1.124
2013-07-30,1.124,1.11
2013-07-31,1.111,1.122
2013-08-01,1.123,1.177
2013-08-02,1.182,1.169
2013-08-05,1.167,1.193
2013-08-06,1.186,1.196
2013-08-07,1.196,1.162
2013-08-08,1.155,1.171
2013-08-09,1.171,1.161
2013-08-12,1.159,1.152
2013-08-13,1.153,1.163
2013-08-14,1.16,1.172
2013-08-15,1.165,1.151
2013-08-16,1.142,1.117
2013-08-19,1.112,1.164
2013-08-20,1.16,1.16
2013-08-21,1.159,1.164
2013-08-22,1.163,1.181
2013-08-23,1.186,1.198
2013-08-26,1.202,1.22
2013-08-27,1.218,1.229
2013-08-28,1.225,1.209
2013-08-29,1.207,1.207
2013-08-30,1.201,1.171
2013-09-02,1.17,1.197
2013-09-03,1.196,1.214
2013-09-04,1.214,1.215
2013-09-05,1.215,1.248
2013-09-06,1.248,1.262
2013-09-09,1.262,1.255
2013-09-10,1.253,1.244
2013-09-11,1.242,1.202
2013-09-12,1.201,1.207
2013-09-13,1.21,1.235
2013-09-16,1.231,1.257
2013-09-17,1.254,1.246
2013-09-18,1.246,1.265
2013-09-23,1.266,1.3
2013-09-24,1.303,1.305
2013-09-25,1.303,1.299
2013-09-26,1.296,1.281
2013-09-27,1.28,1.308
2013-09-30,1.314,1.346
2013-10-08,1.35,1.36
2013-10-09,1.356,1.39
2013-10-10,1.395,1.349
2013-10-11,1.35,1.36
2013-10-14,1.36,1.373
2013-10-15,1.372,1.365
2013-10-16,1.365,1.312
2013-10-17,1.314,1.299
2013-10-18,1.301,1.332
2013-10-21,1.333,1.376
2013-10-22,1.373,1.318
2013-10-23,1.313,1.289
2013-10-24,1.28,1.268
2013-10-25,1.267,1.252
2013-10-28,1.252,1.255
2013-10-29,1.251,1.234
2013-10-30,1.233,1.252
2013-10-31,1.243,1.211
2013-11-01,1.206,1.199
2013-11-04,1.195,1.202
2013-11-05,1.192,1.236
2013-11-06,1.23,1.22
2013-11-07,1.211,1.2
2013-11-08,1.188,1.189
2013-11-11,1.185,1.19
2013-11-12,1.19,1.206
2013-11-13,1.2,1.189
2013-11-14,1.18,1.225
2013-11-15,1.227,1.247
2013-11-18,1.251,1.268
2013-11-19,1.267,1.276
2013-11-20,1.275,1.274
2013-11-21,1.265,1.272
2013-11-22,1.269,1.268
2013-11-25,1.26,1.272
2013-11-26,1.263,1.265
2013-11-27,1.262,1.308
2013-11-28,1.308,1.311
2013-11-29,1.31,1.341
2013-12-02,1.27,1.208
2013-12-03,1.181,1.227
2013-12-04,1.219,1.22
2013-12-05,1.208,1.18
2013-12-06,1.176,1.186
2013-12-09,1.187,1.217
2013-12-10,1.22,1.208
2013-12-11,1.205,1.228
2013-12-12,1.221,1.252
2013-12-13,1.243,1.251
2013-12-16,1.252,1.255
2013-12-17,1.251,1.239
2013-12-18,1.24,1.228
2013-12-19,1.23,1.234
2013-12-20,1.232,1.23
2013-12-23,1.225,1.215
2013-12-24,1.215,1.236
2013-12-25,1.238,1.262
2013-12-26,1.261,1.243
2013-12-27,1.236,1.273
2013-12-30,1.273,1.28
2013-12-31,1.277,1.274
2014-01-02,1.273,1.306
2014-01-03,1.3,1.325
2014-01-06,1.324,1.299
2014-01-07,1.29,1.324
2014-01-08,1.342,1.375
2014-01-09,1.37,1.348
2014-01-10,1.338,1.324
2014-01-13,1.323,1.336
2014-01-14,1.336,1.377
2014-01-15,1.378,1.39
2014-01-16,1.387,1.371
2014-01-17,1.365,1.367
2014-01-20,1.361,1.342
2014-01-21,1.34,1.381
2014-01-22,1.384,1.399
2014-01-23,1.4,1.43
2014-01-24,1.424,1.453
2014-01-27,1.448,1.445
2014-01-28,1.443,1.441
2014-01-29,1.441,1.466
2014-01-30,1.464,1.463
2014-02-07,1.451,1.498
2014-02-10,1.505,1.516
2014-02-11,1.515,1.492
2014-02-12,1.488,1.506
2014-02-13,1.499,1.45
2014-02-14,1.449,1.479
2014-02-17,1.483,1.521
2014-02-18,1.521,1.507
2014-02-19,1.505,1.506
2014-02-20,1.501,1.483
2014-02-21,1.47,1.483
2014-02-24,1.481,1.505
2014-02-25,1.505,1.432
2014-02-26,1.406,1.431
2014-02-27,1.432,1.385
2014-02-28,1.38,1.4
2014-03-03,1.4,1.43
2014-03-04,1.42,1.421
2014-03-05,1.425,1.427
2014-03-06,1.418,1.426
2014-03-07,1.425,1.428
2014-03-10,1.408,1.37
2014-03-11,1.367,1.363
2014-03-12,1.358,1.364
2014-03-13,1.365,1.405
2014-03-14,1.396,1.398
2014-03-17,1.401,1.438
2014-03-18,1.441,1.444
2014-03-19,1.44,1.427
2014-03-20,1.426,1.382
2014-03-21,1.373,1.382
2014-03-24,1.375,1.359
2014-03-25,1.354,1.359
2014-03-26,1.36,1.385
2014-03-27,1.375,1.332
2014-03-28,1.326,1.292
2014-03-31,1.293,1.297
2014-04-01,1.298,1.321
2014-04-02,1.323,1.292
2014-04-03,1.29,1.294
2014-04-04,1.29,1.314
2014-04-08,1.295,1.318
2014-04-09,1.316,1.336
2014-04-10,1.34,1.347
2014-04-11,1.342,1.329
2014-04-14,1.329,1.339
2014-04-15,1.337,1.333
2014-04-16,1.327,1.328
2014-04-17,1.325,1.337
2014-04-18,1.331,1.344
2014-04-21,1.33,1.329
2014-04-22,1.326,1.303
2014-04-23,1.298,1.297
2014-04-24,1.295,1.284
2014-04-25,1.282,1.26
2014-04-28,1.255,1.228
2014-04-29,1.225,1.235
2014-04-30,1.234,1.254
2014-05-05,1.253,1.272
2014-05-06,1.272,1.285
2014-05-07,1.278,1.257
2014-05-08,1.251,1.252
2014-05-09,1.25,1.23
2014-05-12,1.236,1.252
2014-05-13,1.251,1.245
2014-05-14,1.241,1.253
2014-05-15,1.248,1.223
2014-05-16,1.218,1.202
2014-05-19,1.195,1.203
2014-05-20,1.218,1.22
2014-05-21,1.21,1.234
2014-05-22,1.234,1.242
2014-05-23,1.241,1.27
2014-05-26,1.275,1.289
2014-05-27,1.288,1.277
2014-05-28,1.278,1.314
2014-05-29,1.314,1.287
2014-05-30,1.283,1.291
2014-06-03,1.291,1.287
2014-06-04,1.285,1.295
2014-06-05,1.294,1.325
2014-06-06,1.326,1.321
2014-06-09,1.315,1.294
2014-06-10,1.299,1.324
2014-06-11,1.318,1.337
2014-06-12,1.337,1.334
2014-06-13,1.329,1.35
2014-06-16,1.352,1.363
2014-06-17,1.36,1.35
2014-06-18,1.351,1.337
2014-06-19,1.332,1.291
2014-06-20,1.29,1.305
2014-06-23,1.305,1.332
2014-06-24,1.329,1.342
2014-06-25,1.341,1.328
2014-06-26,1.332,1.355
2014-06-27,1.355,1.357
2014-06-30,1.357,1.372
2014-07-01,1.376,1.381
2014-07-02,1.38,1.389
2014-07-03,1.388,1.389
2014-07-04,1.388,1.381
2014-07-07,1.375,1.364
2014-07-08,1.36,1.381
2014-07-09,1.378,1.353
2014-07-10,1.351,1.332
2014-07-11,1.328,1.329
2014-07-14,1.329,1.338
2014-07-15,1.334,1.311
2014-07-16,1.31,1.289
2014-07-17,1.287,1.282
2014-07-18,1.282,1.279
2014-07-21,1.28,1.278
2014-07-22,1.275,1.301
2014-07-23,1.301,1.263
2014-07-24,1.261,1.242
2014-07-25,1.242,1.257
2014-07-28,1.258,1.285
2014-07-29,1.287,1.3
2014-07-30,1.298,1.313
2014-07-31,1.312,1.313
2014-08-01,1.31,1.29
2014-08-04,1.285,1.299
2014-08-05,1.301,1.332
2014-08-06,1.326,1.335
2014-08-07,1.334,1.332
2014-08-08,1.335,1.347
2014-08-11,1.348,1.366
2014-08-12,1.364,1.364
2014-08-13,1.36,1.35
2014-08-14,1.351,1.346
2014-08-15,1.346,1.36
2014-08-18,1.36,1.396
2014-08-19,1.402,1.404
2014-08-20,1.418,1.392
2014-08-21,1.39,1.415
2014-08-22,1.417,1.429
2014-08-25,1.426,1.408
2014-08-26,1.403,1.377
2014-08-27,1.376,1.388
2014-08-28,1.388,1.37
2014-08-29,1.371,1.394
2014-09-01,1.395,1.417
2014-09-02,1.422,1.43
2014-09-03,1.428,1.439
2014-09-04,1.437,1.457
2014-09-05,1.456,1.46
2014-09-09,1.453,1.458
2014-09-10,1.454,1.467
2014-09-11,1.466,1.471
2014-09-12,1.469,1.483
2014-09-15,1.478,1.483
2014-09-16,1.485,1.438
2014-09-17,1.439,1.44
2014-09-18,1.439,1.456
2014-09-19,1.457,1.46
2014-09-22,1.452,1.442
2014-09-23,1.442,1.461
2014-09-24,1.459,1.479
2014-09-25,1.484,1.469
2014-09-26,1.462,1.472
2014-09-29,1.472,1.489
2014-09-30,1.488,1.5
2014-10-08,1.501,1.515
2014-10-09,1.515,1.519
2014-10-10,1.513,1.512
2014-10-13,1.502,1.505
2014-10-14,1.503,1.493
2014-10-15,1.493,1.502
2014-10-16,1.492,1.482
2014-10-17,1.482,1.47
2014-10-20,1.465,1.495
2014-10-21,1.495,1.474
2014-10-22,1.47,1.464
2014-10-23,1.459,1.438
2014-10-24,1.439,1.441
2014-10-27,1.438,1.453
2014-10-28,1.456,1.483
2014-10-29,1.488,1.489
2014-10-30,1.489,1.481
2014-10-31,1.481,1.473
2014-11-03,1.475,1.491
2014-11-04,1.491,1.47
2014-11-05,1.471,1.471
2014-11-06,1.473,1.492
2014-11-07,1.49,1.477
2014-11-10,1.48,1.476
2014-11-11,1.476,1.425
2014-11-12,1.423,1.44
2014-11-13,1.433,1.407
2014-11-14,1.4,1.406
2014-11-17,1.401,1.432
2014-11-18,1.43,1.441
2014-11-19,1.447,1.464
2014-11-20,1.458,1.451
2014-11-21,1.45,1.462
2014-11-24,1.483,1.47
2014-11-25,1.469,1.496
2014-11-26,1.495,1.51
2014-11-27,1.508,1.518
2014-11-28,1.517,1.524
2014-12-01,1.52,1.505
2014-12-02,1.497,1.517
2014-12-03,1.517,1.559
2014-12-04,1.563,1.579
2014-12-05,1.57,1.529
2014-12-08,1.522,1.518
2014-12-09,1.509,1.464
2014-12-10,1.46,1.536
2014-12-11,1.536,1.546
2014-12-12,1.549,1.569
2014-12-15,1.572,1.601
2014-12-16,1.604,1.59
2014-12-17,1.58,1.595
2014-12-18,1.582,1.577
2014-12-19,1.561,1.541
2014-12-22,1.534,1.47
2014-12-23,1.455,1.461
2014-12-24,1.468,1.48
2014-12-25,1.475,1.48
2014-12-26,1.475,1.488
2014-12-29,1.489,1.463
2014-12-30,1.458,1.423
2014-12-31,1.426,1.43
2015-01-05,1.424,1.424
2015-01-06,1.422,1.502
2015-01-07,1.5,1.474
2015-01-08,1.467,1.493
2015-01-09,1.485,1.503
2015-01-12,1.495,1.54
2015-01-13,1.538,1.551
2015-01-14,1.546,1.536
2015-01-15,1.534,1.534
2015-01-16,1.528,1.592
2015-01-19,1.576,1.579
2015-01-20,1.581,1.657
2015-01-21,1.662,1.668
2015-01-22,1.661,1.683
2015-01-23,1.682,1.638
2015-01-26,1.639,1.686
2015-01-27,1.686,1.688
2015-01-28,1.672,1.668
2015-01-29,1.655,1.652
2015-01-30,1.651,1.623
2015-02-02,1.609,1.639
2015-02-03,1.647,1.693
2015-02-04,1.693,1.698
2015-02-05,1.685,1.709
2015-02-06,1.708,1.661
2015-02-09,1.661,1.645
2015-02-10,1.64,1.685
2015-02-11,1.684,1.705
2015-02-12,1.706,1.72
2015-02-13,1.728,1.761
2015-02-16,1.767,1.83
2015-02-17,1.839,1.82
2015-02-25,1.825,1.803
2015-02-26,1.803,1.814
2015-02-27,1.812,1.863
2015-03-02,1.868,1.914
2015-03-03,1.913,1.883
2015-03-04,1.881,1.94
2015-03-05,1.94,1.938
2015-03-06,1.937,1.88
2015-03-09,1.855,1.927
2015-03-10,1.92,1.972
2015-03-11,1.971,1.96
2015-03-12,1.953,1.94
2015-03-13,1.945,1.992
2015-03-16,2.005,2.061
2015-03-17,2.063,2.053
2015-03-18,2.049,2.099
2015-03-19,2.09,2.095
2015-03-20,2.094,2.126
2015-03-23,2.13,2.206
2015-03-24,2.21,2.273
2015-03-25,2.269,2.288
2015-03-26,2.26,2.19
2015-03-27,2.18,2.228
2015-03-30,2.21,2.193
2015-03-31,2.19,2.247
2015-04-01,2.241,2.296
2015-04-02,2.33,2.369
2015-04-03,2.357,2.391
2015-04-07,2.402,2.438
2015-04-08,2.439,2.377
2015-04-09,2.346,2.466
2015-04-10,2.361,2.424
2015-04-13,2.435,2.451
2015-04-14,2.455,2.44
2015-04-15,2.43,2.33
2015-04-16,2.309,2.375
2015-04-17,2.391,2.368
2015-04-20,2.355,2.318
2015-04-21,2.33,2.496
2015-04-22,2.497,2.524
2015-04-23,2.53,2.598
2015-04-24,2.566,2.645
2015-04-27,2.67,2.65
2015-04-28,2.67,2.583
2015-04-29,2.561,2.723
2015-04-30,2.72,2.748
2015-05-04,2.758,2.74
2015-05-05,2.731,2.67
2015-05-06,2.7,2.738
2015-05-07,2.71,2.686
2015-05-08,2.72,2.894
2015-05-11,2.908,3.05
2015-05-12,3.063,3.129
2015-05-13,3.05,3.036
2015-05-14,3.03,3.008
2015-05-15,2.971,3.016
2015-05-18,3.043,3.157
2015-05-19,3.176,3.185
2015-05-20,3.192,3.264
2015-05-21,3.27,3.41
2015-05-22,3.456,3.382
2015-05-25,3.271,3.327
2015-05-26,3.313,3.463
2015-05-27,3.475,3.463
2015-05-28,3.445,3.29
2015-05-29,3.3,3.384
2015-06-01,3.398,3.568
2015-06-02,3.583,3.768
2015-06-03,3.772,3.79
2015-06-04,3.798,3.751
2015-06-05,3.801,3.703
2015-06-08,3.65,3.533
2015-06-09,3.475,3.526
2015-06-10,3.505,3.66
2015-06-11,3.652,3.666
2015-06-12,3.692,3.704
2015-06-15,3.712,3.512
2015-06-16,3.45,3.402
2015-06-17,3.39,3.545
2015-06-18,3.545,3.32
2015-06-19,3.22,3.15
2015-06-23,3.15,3.208
2015-06-24,3.22,3.199
2015-06-25,3.215,3.03
2015-06-26,2.947,2.767
2015-06-29,2.76,2.49
2015-06-30,2.44,2.733
2015-07-01,2.66,2.56
2015-07-02,2.55,2.47
2015-07-03,2.4,2.457
2015-07-06,2.7,2.33
2015-07-07,2.245,2.097
2015-07-08,1.887,1.899
2015-07-09,1.901,2.089
2015-07-10,2.29,2.298
2015-07-13,2.524,2.528
2015-07-14,2.5,2.657
2015-07-15,2.607,2.405
2015-07-16,2.302,2.489
2015-07-17,2.515,2.688
2015-07-20,2.67,2.69
2015-07-21,2.64,2.707
2015-07-22,2.715,2.754
2015-07-23,2.748,2.82
2015-07-24,2.819,2.74
2015-07-27,2.67,2.466
2015-07-28,2.38,2.395
2015-07-29,2.441,2.573
2015-07-30,2.52,2.4
2015-07-31,2.36,2.368
2015-08-03,2.325,2.24
2015-08-04,2.256,2.442
2015-08-05,2.417,2.358
2015-08-06,2.295,2.35
2015-08-07,2.386,2.459
2015-08-10,2.475,2.622
2015-08-11,2.614,2.565
2015-08-12,2.52,2.489
2015-08-13,2.483,2.558
2015-08-14,2.58,2.525
2015-08-17,2.52,2.505
2015-08-18,2.531,2.343
2015-08-19,2.282,2.422
2015-08-20,2.415,2.362
2015-08-21,2.328,2.226
2015-08-24,2.112,2.003
2015-08-25,1.859,1.803
2015-08-26,1.78,1.74
2015-08-27,1.78,1.801
2015-08-28,1.825,1.941
2015-08-31,1.901,1.83
2015-09-01,1.797,1.725
2015-09-02,1.646,1.69
2015-09-07,1.741,1.763
2015-09-08,1.745,1.888
2015-09-09,1.91,1.943
2015-09-10,1.895,1.899
2015-09-11,1.905,1.922
2015-09-14,1.926,1.73
2015-09-15,1.687,1.633
2015-09-16,1.655,1.796
2015-09-17,1.808,1.763
2015-09-18,1.775,1.825
2015-09-21,1.796,1.965
2015-09-22,1.965,1.939
2015-09-23,1.874,1.915
2015-09-24,1.936,1.933
2015-09-25,1.924,1.845
2015-09-28,1.849,1.979
2015-09-29,1.935,1.952
2015-09-30,1.963,1.935
2015-10-08,2.035,2.08
2015-10-09,2.06,2.103
2015-10-12,2.113,2.22
2015-10-13,2.185,2.226
2015-10-14,2.22,2.182
2015-10-15,2.173,2.298
2015-10-16,2.307,2.329
2015-10-19,2.328,2.294
2015-10-20,2.28,2.391
2015-10-21,2.39,2.22
2015-10-22,2.225,2.348
2015-10-23,2.353,2.427
2015-10-26,2.443,2.398
2015-10-27,2.366,2.444
2015-10-28,2.409,2.36
2015-10-29,2.37,2.352
2015-10-30,2.346,2.349
2015-11-02,2.273,2.311
2015-11-03,2.303,2.305
2015-11-04,2.323,2.489
2015-11-05,2.485,2.443
2015-11-06,2.444,2.548
2015-11-09,2.521,2.583
2015-11-10,2.558,2.609
2015-11-11,2.603,2.68
2015-11-12,2.674,2.648
2015-11-13,2.606,2.58
2015-11-16,2.523,2.67
2015-11-17,2.688,2.569
2015-11-18,2.575,2.516
2015-11-19,2.526,2.624
2015-11-20,2.624,2.645
2015-11-23,2.628,2.619
2015-11-24,2.61,2.663
2015-11-25,2.654,2.746
2015-11-26,2.748,2.674
2015-11-27,2.655,2.496
2015-11-30,2.505,2.52
2015-12-01,2.51,2.507
2015-12-02,2.494,2.454
2015-12-03,2.461,2.561
2015-12-04,2.54,2.53
2015-12-07,2.534,2.571
2015-12-08,2.556,2.531
2015-12-09,2.515,2.51
2015-12-10,2.514,2.526
2015-12-11,2.519,2.51
2015-12-14,2.489,2.555
2015-12-15,2.551,2.577
2015-12-16,2.588,2.593
2015-12-17,2.611,2.674
2015-12-18,2.67,2.668
2015-12-21,2.654,2.663
2015-12-22,2.675,2.656
2015-12-23,2.658,2.6
2015-12-24,2.597,2.624
2015-12-25,2.623,2.62
2015-12-28,2.623,2.551
2015-12-29,2.547,2.58
2015-12-30,2.581,2.605
2015-12-31,2.606,2.539
2016-01-04,2.531,2.306
2016-01-05,2.24,2.275
2016-01-06,2.291,2.321
2016-01-07,2.272,2.096
2016-01-08,2.17,2.125
2016-01-11,2.067,1.999
2016-01-12,2.011,2.036
2016-01-13,2.048,1.964
2016-01-14,1.904,2.072
2016-01-15,2.041,1.997
2016-01-18,1.966,2.07
2016-01-19,2.05,2.126
2016-01-20,2.102,2.085
2016-01-21,2.059,2.006
2016-01-22,2.027,2.042
2016-01-25,2.055,2.04
2016-01-26,2.01,1.888
2016-01-27,1.899,1.887
2016-01-28,1.869,1.808
2016-01-29,1.807,1.879
2016-02-01,1.875,1.895
2016-02-02,1.897,1.972
2016-02-03,1.949,1.988
2016-02-04,1.997,2.024
2016-02-05,2.029,1.999
2016-02-15,1.933,2.017
2016-02-16,2.022,2.099
2016-02-17,2.099,2.109
2016-02-18,2.126,2.09
2016-02-19,2.081,2.106
2016-02-22,2.134,2.142
2016-02-23,2.14,2.117
2016-02-24,2.102,2.097
2016-02-25,2.094,1.896
2016-02-26,1.93,1.902
2016-02-29,1.886,1.77
2016-03-01,1.776,1.824
2016-03-02,1.823,1.912
2016-03-03,1.907,1.902
2016-03-04,1.89,1.81
2016-03-07,1.84,1.853
2016-03-08,1.847,1.888
2016-03-09,1.852,1.848
2016-03-10,1.865,1.835
2016-03-11,1.8,1.834
2016-03-14,1.86,1.925
2016-03-15,1.917,1.891
2016-03-16,1.927,1.878
2016-03-17,1.88,1.991
2016-03-18,2.015,2.076
2016-03-21,2.1,2.116
2016-03-22,2.09,2.099
2016-03-23,2.1,2.148
2016-03-24,2.122,2.1
2016-03-25,2.092,2.099
2016-03-28,2.117,2.073
2016-03-29,2.072,2.039
2016-03-30,2.058,2.134
2016-03-31,2.14,2.119
2016-04-01,2.109,2.097
2016-04-05,2.093,2.168
2016-04-06,2.168,2.181
2016-04-07,2.199,2.145
2016-04-08,2.121,2.125
2016-04-11,2.148,2.17
2016-04-12,2.17,2.162
2016-04-13,2.17,2.177
2016-04-14,2.197,2.212
2016-04-15,2.214,2.195
2016-04-18,2.176,2.16
2016-04-19,2.17,2.161
2016-04-20,2.168,2.03
2016-04-21,2.03,2.003
2016-04-22,1.989,2.038
2016-04-25,2.027,2.023
2016-04-26,2.016,2.054
2016-04-27,2.058,2.041
2016-04-28,2.041,2.048
2016-04-29,2.036,2.033
2016-05-03,2.036,2.112
2016-05-04,2.105,2.102
2016-05-05,2.098,2.116
2016-05-06,2.119,2.018
2016-05-09,2.002,1.955
2016-05-10,1.95,1.95
2016-05-11,1.963,1.93
2016-05-12,1.909,1.932
2016-05-13,1.925,1.92
2016-05-16,1.914,1.953
2016-05-17,1.954,1.977
2016-05-18,1.962,1.921
2016-05-19,1.921,1.938
2016-05-20,1.929,1.961
2016-05-23,1.967,1.992
2016-05-24,1.988,1.975
2016-05-25,1.998,1.965
2016-05-26,1.959,1.985
2016-05-27,1.975,1.968
2016-05-30,1.964,1.959
2016-05-31,1.956,2.069
2016-06-01,2.067,2.067
2016-06-02,2.065,2.088
2016-06-03,2.08,2.109
2016-06-06,2.109,2.102
2016-06-07,2.1,2.098
2016-06-08,2.091,2.092
2016-06-13,2.065,1.967
2016-06-14,1.958,1.967
2016-06-15,1.951,2.04
2016-06-16,2.034,2.009
2016-06-17,2.02,2.034
2016-06-20,2.033,2.03
2016-06-21,2.045,2.007
2016-06-22,1.998,2.055
2016-06-23,2.055,2.051
2016-06-24,2.047,2.043
2016-06-27,2.03,2.109
2016-06-28,2.095,2.128
2016-06-29,2.137,2.121
2016-06-30,2.122,2.132
2016-07-01,2.137,2.116
2016-07-04,2.103,2.153
2016-07-05,2.155,2.148
2016-07-06,2.145,2.148
2016-07-07,2.145,2.141
2016-07-08,2.137,2.145
2016-07-11,2.147,2.125
2016-07-12,2.123,2.155
2016-07-13,2.16,2.188
2016-07-14,2.188,2.19
2016-07-15,2.19,2.164
2016-07-18,2.162,2.148
2016-07-19,2.148,2.173
2016-07-20,2.174,2.165
2016-07-21,2.164,2.167
2016-07-22,2.163,2.154
2016-07-25,2.147,2.146
2016-07-26,2.147,2.182
2016-07-27,2.181,2.061
2016-07-28,2.06,2.044
2016-07-29,2.053,2.031
2016-08-01,2.024,2.013
2016-08-02,2.012,2.025
2016-08-03,2.021,2.017
2016-08-04,2.017,2.04
2016-08-05,2.036,2.022
2016-08-08,2.019,2.041
2016-08-09,2.041,2.061
2016-08-10,2.063,2.043
2016-08-11,2.04,2.017
2016-08-12,2.013,2.035
2016-08-15,2.035,2.103
2016-08-16,2.101,2.105
2016-08-17,2.106,2.112
2016-08-18,2.108,2.108
2016-08-19,2.108,2.112
2016-08-22,2.112,2.072
2016-08-23,2.073,2.084
2016-08-24,2.084,2.098
2016-08-25,2.089,2.088
2016-08-26,2.091,2.095
2016-08-29,2.089,2.101
2016-08-30,2.103,2.104
2016-08-31,2.099,2.099
2016-09-01,2.099,2.084
2016-09-02,2.079,2.081
2016-09-05,2.081,2.088
2016-09-06,2.086,2.128
2016-09-07,2.126,2.114
2016-09-08,2.115,2.128
2016-09-09,2.127,2.109
2016-09-12,2.075,2.06
2016-09-13,2.066,2.055
2016-09-14,2.046,2.051
2016-09-19,2.054,2.072
2016-09-20,2.07,2.066
2016-09-21,2.068,2.068
2016-09-22,2.08,2.072
2016-09-23,2.076,2.065
2016-09-26,2.061,2.032
2016-09-27,2.031,2.049
2016-09-28,2.052,2.05
2016-09-29,2.052,2.058
2016-09-30,2.057,2.062
2016-10-10,2.071,2.119
2016-10-11,2.119,2.118
2016-10-12,2.111,2.116
2016-10-13,2.117,2.113
2016-10-14,2.114,2.104
2016-10-17,2.104,2.079
2016-10-18,2.078,2.107
2016-10-19,2.107,2.092
2016-10-20,2.093,2.101
2016-10-21,2.102,2.09
2016-10-24,2.09,2.109
2016-10-25,2.111,2.109
2016-10-26,2.106,2.094
2016-10-27,2.092,2.092
2016-10-28,2.09,2.071
2016-10-31,2.07,2.071
2016-11-01,2.071,2.082
2016-11-02,2.079,2.054
2016-11-03,2.045,2.062
2016-11-04,2.059,2.056
2016-11-07,2.054,2.043
2016-11-08,2.048,2.063
2016-11-09,2.062,2.032
2016-11-10,2.052,2.053
2016-11-11,2.051,2.06
2016-11-14,2.057,2.07
2016-11-15,2.07,2.089
2016-11-16,2.096,2.091
2016-11-17,2.085,2.074
2016-11-18,2.074,2.07
2016-11-21,2.065,2.061
2016-11-22,2.064,2.086
2016-11-23,2.09,2.075
2016-11-24,2.067,2.054
2016-11-25,2.052,2.076
2016-11-28,2.079,2.071
2016-11-29,2.068,2.073
2016-11-30,2.068,2.092
2016-12-01,2.09,2.089
2016-12-02,2.087,2.055
2016-12-05,2.045,2.055
2016-12-06,2.058,2.036
2016-12-07,2.04,2.044
2016-12-08,2.044,2.028
2016-12-09,2.025,2.013
2016-12-12,2.01,1.902
2016-12-13,1.9,1.9
2016-12-14,1.898,1.88
2016-12-15,1.877,1.893
2016-12-16,1.888,1.908
2016-12-19,1.907,1.896
2016-12-20,1.897,1.897
2016-12-21,1.899,1.904
2016-12-22,1.903,1.897
2016-12-23,1.893,1.874
2016-12-26,1.869,1.886
2016-12-27,1.883,1.881
2016-12-28,1.879,1.87
2016-12-29,1.869,1.876
2016-12-30,1.878,1.881
2017-01-03,1.882,1.881
2017-01-04,1.882,1.907
2017-01-05,1.904,1.901
2017-01-06,1.897,1.886
2017-01-09,1.883,1.878
2017-01-10,1.877,1.869
2017-01-11,1.863,1.857
2017-01-12,1.851,1.849
2017-01-13,1.849,1.82
2017-01-16,1.82,1.756
2017-01-17,1.748,1.787
2017-01-18,1.78,1.767
2017-01-19,1.765,1.768
2017-01-20,1.762,1.801
2017-01-23,1.798,1.807
2017-01-24,1.807,1.786
2017-01-25,1.78,1.794
2017-01-26,1.794,1.804
2017-02-03,1.806,1.802
2017-02-06,1.799,1.82
2017-02-07,1.816,1.807
2017-02-08,1.806,1.822
2017-02-09,1.822,1.833
2017-02-10,1.833,1.824
2017-02-13,1.82,1.833
2017-02-14,1.831,1.827
2017-02-15,1.828,1.812
2017-02-16,1.808,1.817
2017-02-17,1.817,1.801
2017-02-20,1.804,1.817
2017-02-21,1.817,1.842
2017-02-22,1.844,1.838
2017-02-23,1.838,1.848
2017-02-24,1.846,1.859
2017-02-27,1.859,1.847
2017-02-28,1.847,1.846
2017-03-01,1.842,1.85
2017-03-02,1.851,1.841
2017-03-03,1.836,1.849
2017-03-06,1.848,1.883
2017-03-07,1.885,1.895
2017-03-08,1.895,1.884
2017-03-09,1.877,1.869
2017-03-10,1.868,1.868
2017-03-13,1.864,1.89
2017-03-14,1.888,1.875
2017-03-15,1.871,1.876
2017-03-16,1.875,1.882
2017-03-17,1.883,1.862
2017-03-20,1.863,1.87
2017-03-21,1.869,1.879
2017-03-22,1.87,1.864
2017-03-23,1.866,1.865
2017-03-24,1.865,1.882
2017-03-27,1.878,1.864
2017-03-28,1.863,1.863
2017-03-29,1.865,1.845
2017-03-30,1.841,1.813
2017-03-31,1.814,1.826
2017-04-05,1.831,1.861
2017-04-06,1.863,1.859
2017-04-07,1.859,1.865
2017-04-10,1.865,1.832
2017-04-11,1.829,1.836
2017-04-12,1.832,1.819
2017-04-13,1.819,1.835
2017-04-14,1.829,1.81
2017-04-17,1.806,1.79
2017-04-18,1.79,1.772
2017-04-19,1.767,1.763
2017-04-20,1.765,1.77
2017-04-21,1.77,1.761
2017-04-24,1.759,1.737
2017-04-25,1.736,1.742
2017-04-26,1.74,1.743
2017-04-27,1.739,1.764
2017-04-28,1.76,1.777
2017-05-02,1.775,1.773
2017-05-03,1.767,1.763
2017-05-04,1.761,1.769
2017-05-05,1.76,1.743
2017-05-08,1.735,1.716
2017-05-09,1.709,1.726
2017-05-10,1.725,1.7
2017-05-11,1.69,1.696
2017-05-12,1.692,1.698
2017-05-15,1.701,1.704
2017-05-16,1.698,1.741
2017-05-17,1.74,1.743
2017-05-18,1.734,1.738
2017-05-19,1.737,1.725
2017-05-22,1.723,1.711
2017-05-23,1.706,1.681
2017-05-24,1.676,1.703
2017-05-25,1.698,1.703
2017-05-26,1.696,1.689
2017-05-31,1.719,1.692
2017-06-01,1.687,1.661
2017-06-02,1.652,1.678
2017-06-05,1.681,1.689
2017-06-06,1.686,1.692
2017-06-07,1.692,1.73
2017-06-08,1.728,1.722
2017-06-09,1.718,1.725
2017-06-12,1.715,1.702
2017-06-13,1.702,1.723
2017-06-14,1.721,1.72
2017-06-15,1.719,1.744
2017-06-16,1.744,1.739
2017-06-19,1.737,1.746
2017-06-20,1.747,1.748
2017-06-21,1.756,1.753
2017-06-22,1.752,1.725
2017-06-23,1.724,1.737
2017-06-26,1.734,1.749
2017-06-27,1.749,1.746
2017-06-28,1.743,1.734
2017-06-29,1.733,1.742
2017-06-30,1.737,1.748
2017-07-03,1.747,1.764
2017-07-04,1.764,1.755
2017-07-05,1.753,1.761
2017-07-06,1.76,1.753
2017-07-07,1.747,1.75
2017-07-10,1.745,1.716
2017-07-11,1.712,1.696
2017-07-12,1.694,1.697
2017-07-13,1.693,1.686
2017-07-14,1.68,1.662
2017-07-17,1.647,1.57
2017-07-18,1.561,1.579
2017-07-19,1.573,1.593
2017-07-20,1.59,1.59
2017-07-21,1.588,1.591
2017-07-24,1.589,1.599
2017-07-25,1.598,1.599
2017-07-26,1.597,1.588
2017-07-27,1.588,1.665
2017-07-28,1.659,1.647
2017-07-31,1.645,1.652
2017-08-01,1.651,1.65
2017-08-02,1.65,1.638
2017-08-03,1.634,1.651
2017-08-04,1.648,1.636
2017-08-07,1.636,1.651
2017-08-08,1.652,1.678
2017-08-09,1.677,1.675
2017-08-10,1.674,1.669
2017-08-11,1.661,1.659
2017-08-14,1.664,1.702
2017-08-15,1.704,1.706
2017-08-16,1.704,1.735
2017-08-17,1.728,1.746
2017-08-18,1.738,1.733
2017-08-21,1.737,1.737
2017-08-22,1.737,1.726
2017-08-23,1.722,1.717
2017-08-24,1.716,1.705
2017-08-25,1.702,1.723
2017-08-28,1.729,1.755
2017-08-29,1.753,1.743
2017-08-30,1.745,1.756
2017-08-31,1.758,1.765
2017-09-01,1.768,1.776
2017-09-04,1.773,1.796
2017-09-05,1.795,1.796
2017-09-06,1.792,1.813
2017-09-07,1.813,1.8
2017-09-08,1.797,1.791
2017-09-11,1.79,1.807
2017-09-12,1.811,1.793
2017-09-13,1.792,1.797
2017-09-14,1.797,1.787
2017-09-15,1.785,1.782
2017-09-18,1.782,1.808
2017-09-19,1.807,1.79
2017-09-20,1.788,1.801
2017-09-21,1.802,1.78
2017-09-22,1.775,1.773
2017-09-25,1.77,1.75
2017-09-26,1.749,1.746
2017-09-27,1.75,1.757
2017-09-28,1.758,1.761
2017-09-29,1.764,1.78
2017-10-09,1.797,1.8
2017-10-10,1.798,1.828
2017-10-11,1.83,1.814
2017-10-12,1.812,1.811
2017-10-13,1.811,1.84
2017-10-16,1.84,1.796
2017-10-17,1.791,1.786
2017-10-18,1.789,1.778
2017-10-19,1.777,1.775
2017-10-20,1.773,1.794
2017-10-23,1.791,1.806
2017-10-24,1.805,1.812
2017-10-25,1.808,1.818
2017-10-26,1.819,1.823
2017-10-27,1.821,1.801
2017-10-30,1.801,1.764
2017-10-31,1.764,1.773
2017-11-01,1.773,1.769
2017-11-02,1.766,1.745
2017-11-03,1.742,1.732
2017-11-06,1.732,1.754
2017-11-07,1.753,1.76
2017-11-08,1.758,1.765
2017-11-09,1.764,1.779
2017-11-10,1.778,1.8
2017-11-13,1.799,1.799
2017-11-14,1.8,1.788
2017-11-15,1.786,1.758
2017-11-16,1.756,1.765
2017-11-17,1.762,1.723
2017-11-20,1.719,1.755
2017-11-21,1.747,1.75
2017-11-22,1.748,1.744
2017-11-23,1.737,1.692
2017-11-24,1.687,1.678
2017-11-27,1.671,1.66
2017-11-28,1.66,1.682
2017-11-29,1.682,1.674
2017-11-30,1.673,1.663
2017-12-01,1.665,1.687
2017-12-04,1.683,1.676
2017-12-05,1.674,1.644
2017-12-06,1.647,1.663
2017-12-07,1.662,1.656
2017-12-08,1.656,1.675
2017-12-11,1.682,1.698
2017-12-12,1.698,1.675
2017-12-13,1.679,1.691
2017-12-14,1.689,1.68
2017-12-15,1.681,1.673
2017-12-18,1.673,1.667
2017-12-19,1.668,1.683
2017-12-20,1.68,1.661
2017-12-21,1.659,1.668
2017-12-22,1.669,1.663
2017-12-25,1.662,1.642
2017-12-26,1.642,1.644
2017-12-27,1.644,1.63
2017-12-28,1.629,1.637
2017-12-29,1.638,1.644
2018-01-02,1.65,1.665
2018-01-03,1.666,1.689
2018-01-04,1.686,1.693
2018-01-05,1.693,1.696
2018-01-08,1.694,1.701
2018-01-09,1.699,1.699
2018-01-10,1.695,1.689
2018-01-11,1.686,1.701
2018-01-12,1.7,1.685
2018-01-15,1.68,1.634
2018-01-16,1.632,1.631
2018-01-17,1.628,1.639
2018-01-18,1.633,1.636
2018-01-19,1.64,1.63
2018-01-22,1.623,1.67
2018-01-23,1.668,1.667
2018-01-24,1.672,1.714
2018-01-25,1.714,1.708
2018-01-26,1.708,1.72
2018-01-29,1.72,1.701
2018-01-30,1.698,1.687
2018-01-31,1.68,1.633
2018-02-01,1.634,1.603
2018-02-02,1.593,1.607
2018-02-05,1.586,1.594
2018-02-06,1.57,1.505
2018-02-07,1.539,1.523
2018-02-08,1.515,1.548
2018-02-09,1.51,1.502
2018-02-12,1.515,1.553
2018-02-13,1.561,1.557
2018-02-14,1.555,1.549
2018-02-22,1.563,1.58
2018-02-23,1.576,1.572
2018-02-26,1.585,1.63
2018-02-27,1.63,1.639
2018-02-28,1.628,1.651
2018-03-01,1.64,1.687
2018-03-02,1.68,1.669
2018-03-05,1.678,1.69
2018-03-06,1.693,1.693
2018-03-07,1.691,1.679
2018-03-08,1.679,1.686
2018-03-09,1.688,1.755
2018-03-12,1.773,1.777
2018-03-13,1.772,1.767
2018-03-14,1.761,1.741
2018-03-15,1.73,1.742
2018-03-16,1.74,1.716
2018-03-19,1.712,1.736
2018-03-20,1.721,1.76
2018-03-21,1.76,1.72
2018-03-22,1.726,1.711
2018-03-23,1.666,1.622
2018-03-26,1.609,1.673
2018-03-27,1.69,1.738
2018-03-28,1.717,1.73
2018-03-29,1.736,1.739
2018-03-30,1.744,1.791
2018-04-02,1.805,1.788
2018-04-03,1.765,1.764
2018-04-04,1.773,1.732
2018-04-09,1.732,1.737
2018-04-10,1.733,1.732
2018-04-11,1.737,1.729
2018-04-12,1.725,1.72
2018-04-13,1.736,1.721
2018-04-16,1.722,1.736
2018-04-17,1.737,1.683
2018-04-18,1.692,1.718
2018-04-19,1.711,1.715
2018-04-20,1.711,1.684
2018-04-23,1.684,1.653
2018-04-24,1.653,1.705
2018-04-25,1.698,1.715
2018-04-26,1.713,1.681
2018-04-27,1.689,1.707
2018-05-02,1.711,1.701
2018-05-03,1.697,1.726
2018-05-04,1.72,1.712
2018-05-07,1.717,1.749
2018-05-08,1.751,1.753
2018-05-09,1.75,1.749
2018-05-10,1.751,1.762
2018-05-11,1.762,1.734
2018-05-14,1.732,1.728
2018-05-15,1.726,1.756
2018-05-16,1.749,1.745
2018-05-17,1.742,1.729
2018-05-18,1.726,1.731
2018-05-21,1.742,1.757
2018-05-22,1.757,1.77
2018-05-23,1.764,1.745
2018-05-24,1.744,1.737
2018-05-25,1.736,1.705
2018-05-28,1.702,1.698
2018-05-29,1.698,1.678
2018-05-30,1.659,1.633
2018-05-31,1.646,1.649
2018-06-01,1.641,1.62
2018-06-04,1.624,1.613
2018-06-05,1.615,1.653
2018-06-06,1.648,1.65
2018-06-07,1.653,1.636
2018-06-08,1.63,1.62
2018-06-11,1.617,1.601
2018-06-12,1.602,1.619
2018-06-13,1.616,1.597
2018-06-14,1.591,1.587
2018-06-15,1.586,1.554
2018-06-19,1.535,1.467
2018-06-20,1.461,1.478
2018-06-21,1.475,1.441
2018-06-22,1.434,1.466
2018-06-25,1.479,1.455
2018-06-26,1.444,1.485
2018-06-27,1.479,1.466
2018-06-28,1.463,1.462
2018-06-29,1.464,1.524
2018-07-02,1.522,1.503
2018-07-03,1.507,1.52
2018-07-04,1.511,1.486
2018-07-05,1.479,1.452
2018-07-06,1.451,1.464
2018-07-09,1.474,1.504
2018-07-10,1.505,1.516
2018-07-11,1.49,1.488
2018-07-12,1.49,1.54
2018-07-13,1.537,1.542
2018-07-16,1.536,1.542
2018-07-17,1.54,1.543
2018-07-18,1.545,1.532
2018-07-19,1.532,1.514
2018-07-20,1.511,1.535
2018-07-23,1.534,1.54
2018-07-24,1.54,1.549
2018-07-25,1.549,1.551
2018-07-26,1.551,1.534
2018-07-27,1.529,1.518
2018-07-30,1.514,1.484
2018-07-31,1.483,1.489
2018-08-01,1.494,1.471
2018-08-02,1.465,1.44
2018-08-03,1.44,1.414
2018-08-06,1.405,1.374
2018-08-07,1.381,1.412
2018-08-08,1.403,1.381
2018-08-09,1.379,1.426
2018-08-10,1.424,1.437
2018-08-13,1.422,1.458
2018-08-14,1.454,1.446
2018-08-15,1.445,1.409
2018-08-16,1.391,1.396
2018-08-17,1.407,1.369
2018-08-20,1.363,1.367
2018-08-21,1.366,1.387
2018-08-22,1.385,1.375
2018-08-23,1.376,1.388
2018-08-24,1.38,1.382
2018-08-27,1.387,1.426
2018-08-28,1.425,1.423
2018-08-29,1.42,1.411
2018-08-30,1.41,1.389
2018-08-31,1.383,1.369
2018-09-03,1.364,1.375
2018-09-04,1.373,1.385
2018-09-05,1.38,1.363
2018-09-06,1.358,1.355
2018-09-07,1.36,1.36
2018-09-10,1.353,1.327
2018-09-11,1.327,1.332
2018-09-12,1.331,1.32
2018-09-13,1.336,1.326
2018-09-14,1.326,1.304
2018-09-17,1.296,1.288
2018-09-18,1.286,1.312
2018-09-19,1.308,1.324
2018-09-20,1.321,1.32
2018-09-21,1.325,1.343
2018-09-25,1.333,1.338
2018-09-26,1.339,1.352
2018-09-27,1.35,1.333
2018-09-28,1.337,1.346
2018-10-08,1.317,1.289
2018-10-09,1.294,1.283
2018-10-10,1.284,1.282
2018-10-11,1.243,1.196
2018-10-12,1.192,1.206
2018-10-15,1.205,1.19
2018-10-16,1.192,1.16
2018-10-17,1.173,1.174
2018-10-18,1.163,1.153
2018-10-19,1.141,1.189
2018-10-22,1.22,1.26
2018-10-23,1.26,1.231
2018-10-24,1.231,1.226
2018-10-25,1.19,1.216
2018-10-26,1.221,1.203
2018-10-29,1.205,1.192
2018-10-30,1.189,1.204
2018-10-31,1.205,1.216
2018-11-01,1.231,1.227
2018-11-02,1.28,1.291
2018-11-05,1.284,1.287
2018-11-06,1.278,1.286
2018-11-07,1.287,1.282
2018-11-08,1.293,1.265
2018-11-09,1.256,1.26
2018-11-12,1.258,1.305
2018-11-13,1.293,1.326
2018-11-14,1.321,1.32
2018-11-15,1.315,1.336
2018-11-16,1.337,1.332
2018-11-19,1.328,1.325
2018-11-20,1.316,1.291
2018-11-21,1.285,1.294
2018-11-22,1.294,1.285
2018-11-23,1.289,1.248
2018-11-26,1.247,1.244
2018-11-27,1.251,1.253
2018-11-28,1.253,1.277
2018-11-29,1.284,1.247
2018-11-30,1.244,1.264
2018-12-03,1.301,1.31
2018-12-04,1.308,1.315
2018-12-05,1.297,1.315
2018-12-06,1.305,1.28
2018-12-07,1.284,1.275
2018-12-10,1.269,1.264
2018-12-11,1.269,1.277
2018-12-12,1.283,1.276
2018-12-13,1.277,1.286
2018-12-14,1.282,1.248
2018-12-17,1.242,1.24
2018-12-18,1.232,1.232
2018-12-19,1.234,1.209
2018-12-20,1.209,1.219
2018-12-21,1.216,1.213
2018-12-24,1.212,1.226
2018-12-25,1.216,1.217
2018-12-26,1.216,1.211
2018-12-27,1.229,1.192
2018-12-28,1.194,1.194
2019-01-02,1.198,1.178
2019-01-03,1.176,1.164
2019-01-04,1.155,1.195
2019-01-07,1.197,1.214
2019-01-08,1.21,1.211
2019-01-09,1.212,1.21
2019-01-10,1.208,1.207
2019-01-11,1.207,1.209
2019-01-14,1.21,1.195
2019-01-15,1.194,1.216
2019-01-16,1.214,1.214
2019-01-17,1.215,1.198
2019-01-18,1.203,1.216
2019-01-21,1.218,1.222
2019-01-22,1.219,1.201
2019-01-23,1.198,1.197
2019-01-24,1.199,1.211
2019-01-25,1.212,1.214
2019-01-28,1.22,1.208
2019-01-29,1.205,1.192
2019-01-30,1.183,1.183
2019-01-31,1.183,1.178
2019-02-01,1.182,1.221
2019-02-11,1.223,1.264
2019-02-12,1.262,1.278
2019-02-13,1.279,1.301
2019-02-14,1.3,1.304
2019-02-15,1.301,1.302
2019-02-18,1.31,1.357
2019-02-19,1.359,1.346
2019-02-20,1.346,1.348
2019-02-21,1.344,1.355
2019-02-22,1.348,1.406
2019-02-25,1.432,1.492
2019-02-26,1.487,1.479
2019-02-27,1.475,1.458
2019-02-28,1.456,1.47
2019-03-01,1.489,1.5
2019-03-04,1.526,1.556
2019-03-05,1.548,1.615
2019-03-06,1.624,1.635
2019-03-07,1.628,1.621
2019-03-08,1.572,1.584
2019-03-11,1.6,1.658
2019-03-12,1.675,1.696
2019-03-13,1.69,1.618
2019-03-14,1.604,1.583
2019-03-15,1.596,1.589
2019-03-18,1.598,1.634
2019-03-19,1.633,1.633
2019-03-20,1.628,1.613
2019-03-21,1.61,1.627
2019-03-22,1.628,1.621
2019-03-25,1.594,1.598
2019-03-26,1.608,1.556
2019-03-27,1.567,1.568
2019-03-28,1.557,1.556
2019-03-29,1.564,1.624
2019-04-01,1.635,1.694
2019-04-02,1.696,1.682
2019-04-03,1.673,1.7
2019-04-04,1.704,1.701
2019-04-08,1.709,1.665
2019-04-09,1.657,1.667
2019-04-10,1.657,1.654
2019-04-11,1.655,1.619
2019-04-12,1.616,1.624
2019-04-15,1.647,1.596
2019-04-16,1.586,1.629
2019-04-17,1.623,1.642
2019-04-18,1.637,1.629
2019-04-19,1.63,1.645
2019-04-22,1.645,1.624
2019-04-23,1.619,1.61
2019-04-24,1.616,1.646
2019-04-25,1.635,1.598
2019-04-26,1.591,1.589
2019-04-29,1.589,1.549
2019-04-30,1.546,1.553
2019-05-06,1.496,1.424
2019-05-07,1.442,1.438
2019-05-08,1.41,1.419
2019-05-09,1.41,1.409
2019-05-10,1.427,1.465
2019-05-13,1.448,1.441
2019-05-14,1.432,1.431
2019-05-15,1.444,1.462
2019-05-16,1.461,1.468
2019-05-17,1.469,1.416
2019-05-20,1.412,1.407
2019-05-21,1.409,1.43
2019-05-22,1.428,1.427
2019-05-23,1.42,1.392
2019-05-24,1.392,1.384
2019-05-27,1.387,1.428
2019-05-28,1.431,1.432
2019-05-29,1.428,1.432
2019-05-30,1.429,1.422
2019-05-31,1.423,1.425
2019-06-03,1.428,1.411
2019-06-04,1.407,1.4
2019-06-05,1.412,1.393
2019-06-06,1.391,1.363
2019-06-10,1.364,1.376
2019-06-11,1.374,1.43
2019-06-12,1.425,1.412
2019-06-13,1.412,1.422
2019-06-14,1.421,1.397
2019-06-17,1.395,1.39
2019-06-18,1.392,1.4
2019-06-19,1.445,1.417
2019-06-20,1.415,1.442
2019-06-21,1.491,1.473
2019-06-24,1.467,1.46
2019-06-25,1.458,1.442
2019-06-26,1.433,1.448
2019-06-27,1.45,1.469
2019-06-28,1.468,1.457
2019-07-01,1.487,1.511
2019-07-02,1.506,1.511
2019-07-03,1.506,1.488
2019-07-04,1.489,1.476
2019-07-05,1.475,1.492
2019-07-08,1.488,1.45
2019-07-09,1.45,1.462
2019-07-10,1.465,1.456
2019-07-11,1.464,1.458
2019-07-12,1.458,1.465
2019-07-15,1.458,1.489
2019-07-16,1.486,1.489
2019-07-17,1.486,1.492
2019-07-18,1.486,1.47
2019-07-19,1.473,1.486
2019-07-22,1.488,1.461
2019-07-23,1.46,1.481
2019-07-24,1.483,1.498
2019-07-25,1.493,1.506
2019-07-26,1.502,1.506
2019-07-29,1.504,1.509
2019-07-30,1.508,1.522
2019-07-31,1.515,1.512
2019-08-01,1.506,1.516
2019-08-02,1.486,1.501
2019-08-05,1.495,1.473
2019-08-06,1.445,1.451
2019-08-07,1.462,1.447
2019-08-08,1.452,1.468
2019-08-09,1.474,1.45
2019-08-12,1.457,1.486
2019-08-13,1.473,1.47
2019-08-14,1.488,1.477
2019-08-15,1.459,1.498
2019-08-16,1.497,1.512
2019-08-19,1.528,1.568
2019-08-20,1.565,1.553
2019-08-21,1.55,1.549
2019-08-22,1.553,1.554
2019-08-23,1.553,1.555
2019-08-26,1.54,1.54
2019-08-27,1.549,1.567
2019-08-28,1.566,1.565
2019-08-29,1.566,1.558
2019-08-30,1.569,1.549
2019-09-02,1.55,1.592
2019-09-03,1.592,1.595
2019-09-04,1.595,1.607
2019-09-05,1.618,1.627
2019-09-06,1.634,1.631
2019-09-09,1.639,1.67
2019-09-10,1.666,1.661
2019-09-11,1.665,1.638
2019-09-12,1.647,1.646
2019-09-16,1.649,1.65
2019-09-17,1.646,1.618
2019-09-18,1.618,1.617
2019-09-19,1.62,1.642
2019-09-20,1.643,1.638
2019-09-23,1.635,1.62
2019-09-24,1.619,1.629
2019-09-25,1.62,1.611
2019-09-26,1.615,1.561
2019-09-27,1.562,1.587
2019-09-30,1.585,1.57
2019-10-08,1.571,1.556
2019-10-09,1.549,1.561
2019-10-10,1.568,1.604
2019-10-11,1.605,1.606
2019-10-14,1.615,1.617
2019-10-15,1.613,1.597
2019-10-16,1.602,1.592
2019-10-17,1.594,1.595
2019-10-18,1.6,1.589
2019-10-21,1.588,1.585
2019-10-22,1.587,1.606
2019-10-23,1.608,1.589
2019-10-24,1.59,1.593
2019-10-25,1.593,1.616
2019-10-28,1.63,1.646
2019-10-29,1.642,1.624
2019-10-30,1.623,1.619
2019-10-31,1.624,1.608
2019-11-01,1.609,1.625
2019-11-04,1.624,1.634
2019-11-05,1.637,1.649
2019-11-06,1.652,1.638
2019-11-07,1.634,1.651
2019-11-08,1.655,1.645
2019-11-11,1.641,1.61
2019-11-12,1.61,1.611
2019-11-13,1.608,1.62
2019-11-14,1.619,1.63
2019-11-15,1.626,1.614
2019-11-18,1.613,1.621
2019-11-19,1.62,1.666
2019-11-20,1.664,1.655
2019-11-21,1.65,1.65
2019-11-22,1.653,1.614
2019-11-25,1.616,1.599
2019-11-26,1.603,1.608
2019-11-27,1.605,1.611
2019-11-28,1.608,1.611
2019-11-29,1.608,1.6
2019-12-02,1.605,1.606
2019-12-03,1.6,1.613
2019-12-04,1.606,1.612
2019-12-05,1.615,1.648
2019-12-06,1.646,1.662
2019-12-09,1.667,1.656
2019-12-10,1.651,1.67
2019-12-11,1.667,1.653
2019-12-12,1.651,1.657
2019-12-13,1.67,1.693
2019-12-16,1.693,1.715
2019-12-17,1.715,1.738
2019-12-18,1.734,1.725
2019-12-19,1.725,1.724
2019-12-20,1.724,1.708
2019-12-23,1.703,1.671
2019-12-24,1.676,1.704
2019-12-25,1.7,1.718
2019-12-26,1.716,1.726
2019-12-27,1.728,1.698
2019-12-30,1.695,1.727
2019-12-31,1.72,1.73
2020-01-02,1.743,1.765
2020-01-03,1.766,1.764
2020-01-06,1.756,1.788
2020-01-07,1.792,1.822
2020-01-08,1.808,1.792
2020-01-09,1.811,1.839
2020-01-10,1.847,1.831
2020-01-13,1.834,1.862
2020-01-14,1.864,1.85
2020-01-15,1.848,1.847
2020-01-16,1.851,1.856
2020-01-17,1.861,1.858
2020-01-20,1.862,1.905
2020-01-21,1.9,1.892
2020-01-22,1.882,1.918
2020-01-23,1.892,1.853
2020-02-03,1.67,1.708
2020-02-04,1.716,1.816
2020-02-05,1.833,1.871
2020-02-06,1.855,1.93
2020-02-07,1.932,1.94
2020-02-10,1.938,1.961
2020-02-11,1.964,1.947
2020-02-12,1.943,2.006
2020-02-13,2.005,1.988
2020-02-14,1.983,1.987
2020-02-17,2.005,2.071
2020-02-18,2.072,2.09
2020-02-19,2.08,2.054
2020-02-20,2.062,2.105
2020-02-21,2.1,2.145
2020-02-24,2.137,2.178
2020-02-25,2.145,2.195
2020-02-26,2.162,2.102
2020-02-27,2.111,2.111
2020-02-28,2.041,1.995
2020-03-02,2.026,2.054
2020-03-03,2.101,2.092
2020-03-04,2.077,2.088
2020-03-05,2.121,2.121
2020-03-06,2.09,2.111
2020-03-09,2.068,2.013
2020-03-10,2.016,2.063
2020-03-11,2.07,2.024
2020-03-12,1.996,1.971
2020-03-13,1.895,1.952
2020-03-16,1.953,1.832
2020-03-17,1.863,1.842
2020-03-18,1.86,1.818
2020-03-19,1.833,1.825
2020-03-20,1.847,1.847
2020-03-23,1.79,1.761
2020-03-24,1.797,1.806
2020-03-25,1.845,1.86
2020-03-26,1.845,1.853
2020-03-27,1.878,1.83
2020-03-30,1.807,1.791
2020-03-31,1.805,1.795
2020-04-01,1.798,1.792
2020-04-02,1.786,1.844
2020-04-03,1.834,1.834
2020-04-07,1.871,1.894
2020-04-08,1.886,1.89
2020-04-09,1.905,1.921
2020-04-10,1.921,1.877
2020-04-13,1.872,1.853
2020-04-14,1.862,1.909
2020-04-15,1.911,1.899
2020-04-16,1.893,1.932
2020-04-17,1.948,1.943
2020-04-20,1.945,1.969
2020-04-21,1.96,1.949
2020-04-22,1.932,1.967
2020-04-23,1.97,1.951
2020-04-24,1.951,1.93
2020-04-27,1.938,1.939
2020-04-28,1.947,1.951
2020-04-29,1.943,1.952
2020-04-30,1.964,1.993
2020-05-06,1.98,2.029
2020-05-07,2.03,2.025
2020-05-08,2.035,2.042
2020-05-11,2.054,2.024
2020-05-12,2.021,2.043
2020-05-13,2.033,2.058
2020-05-14,2.047,2.036
2020-05-15,2.047,2.042
2020-05-18,2.045,2.039
2020-05-19,2.052,2.061
2020-05-20,2.061,2.041
2020-05-21,2.045,2.02
2020-05-22,2.015,1.972
2020-05-25,1.968,1.975
2020-05-26,1.989,2.038
2020-05-27,2.034,1.997
2020-05-28,1.99,1.982
2020-05-29,1.969,2.006
2020-06-01,2.024,2.082
2020-06-02,2.083,2.067
2020-06-03,2.075,2.06
2020-06-04,2.067,2.073
2020-06-05,2.069,2.087
2020-06-08,2.101,2.073
2020-06-09,2.076,2.102
2020-06-10,2.102,2.122
2020-06-11,2.123,2.119
2020-06-12,2.08,2.141
2020-06-15,2.143,2.141
2020-06-16,2.169,2.183
2020-06-17,2.184,2.188
2020-06-18,2.187,2.194
2020-06-19,2.196,2.238
2020-06-22,2.246,2.263
2020-06-23,2.26,2.307
2020-06-24,2.318,2.307
2020-06-29,2.292,2.295
2020-06-30,2.304,2.359
2020-07-01,2.363,2.342
2020-07-02,2.337,2.35
2020-07-03,2.349,2.38
2020-07-06,2.384,2.45
2020-07-07,2.459,2.503
2020-07-08,2.515,2.574
2020-07-09,2.576,2.674
2020-07-10,2.66,2.685
2020-07-13,2.693,2.802
2020-07-14,2.798,2.767
2020-07-15,2.766,2.722
2020-07-16,2.718,2.558
2020-07-17,2.558,2.583
2020-07-20,2.62,2.611
2020-07-21,2.62,2.643
2020-07-22,2.628,2.678
2020-07-23,2.657,2.706
2020-07-24,2.68,2.537
2020-07-27,2.544,2.54
2020-07-28,2.576,2.573
2020-07-29,2.564,2.68
2020-07-30,2.68,2.652
2020-07-31,2.658,2.708
2020-08-03,2.734,2.774
2020-08-04,2.772,2.738
2020-08-05,2.74,2.763
2020-08-06,2.767,2.719
2020-08-07,2.701,2.657
2020-08-10,2.641,2.641
2020-08-11,2.643,2.6
2020-08-12,2.596,2.548
2020-08-13,2.56,2.535
2020-08-14,2.533,2.579
2020-08-17,2.591,2.607
2020-08-18,2.608,2.605
2020-08-19,2.604,2.524
2020-08-20,2.503,2.503
2020-08-21,2.519,2.546
2020-08-24,2.563,2.597
2020-08-25,2.591,2.611
2020-08-26,2.608,2.551
2020-08-27,2.561,2.602
2020-08-28,2.59,2.666
2020-08-31,2.676,2.637
2020-09-01,2.628,2.658
2020-09-02,2.657,2.676
2020-09-03,2.667,2.653
2020-09-04,2.609,2.638
2020-09-07,2.628,2.549
2020-09-08,2.554,2.564
2020-09-09,2.533,2.44
2020-09-10,2.462,2.403
2020-09-11,2.391,2.449
2020-09-14,2.476,2.484
2020-09-15,2.484,2.504
2020-09-16,2.506,2.47
2020-09-17,2.46,2.467
2020-09-18,2.468,2.513
2020-09-21,2.516,2.48
2020-09-22,2.47,2.469
2020-09-23,2.472,2.508
2020-09-24,2.49,2.454
2020-09-25,2.46,2.457
2020-09-28,2.465,2.434
2020-09-29,2.453,2.479
2020-09-30,2.478,2.489
2020-10-09,2.539,2.581
2020-10-12,2.606,2.683
2020-10-13,2.679,2.688
2020-10-14,2.682,2.668
2020-10-15,2.668,2.65
2020-10-16,2.641,2.634
2020-10-19,2.648,2.6
2020-10-20,2.594,2.645
2020-10-21,2.647,2.612
2020-10-22,2.594,2.582
2020-10-23,2.579,2.516
2020-10-26,2.5,2.533
2020-10-27,2.52,2.56
2020-10-28,2.552,2.577
2020-10-29,2.548,2.607
2020-10-30,2.607,2.563
2020-11-02,2.57,2.617
2020-11-03,2.622,2.649
2020-11-04,2.644,2.658
2020-11-05,2.682,2.69
2020-11-06,2.693,2.637
2020-11-09,2.653,2.719
2020-11-10,2.717,2.674
2020-11-11,2.664,2.595
2020-11-12,2.602,2.607
2020-11-13,2.591,2.619
2020-11-16,2.626,2.62
2020-11-17,2.614,2.572
2020-11-18,2.57,2.534
2020-11-19,2.527,2.556
2020-11-20,2.553,2.576
2020-11-23,2.579,2.593
2020-11-24,2.591,2.582
2020-11-25,2.583,2.528
2020-11-26,2.529,2.522
2020-11-27,2.519,2.532
2020-11-30,2.532,2.541
2020-12-01,2.535,2.602
2020-12-02,2.602,2.593
2020-12-03,2.583,2.619
2020-12-04,2.608,2.637
2020-12-07,2.625,2.628
2020-12-08,2.633,2.646
2020-12-09,2.65,2.598
2020-12-10,2.587,2.627
2020-12-11,2.629,2.601
2020-12-14,2.6,2.641
2020-12-15,2.633,2.667
2020-12-16,2.666,2.667
2020-12-17,2.659,2.694
2020-12-18,2.699,2.688
2020-12-21,2.687,2.778
2020-12-22,2.767,2.718
2020-12-23,2.721,2.745
2020-12-24,2.741,2.726
2020-12-25,2.715,2.749
2020-12-28,2.748,2.745
2020-12-29,2.733,2.717
2020-12-30,2.72,2.799
2020-12-31,2.809,2.866
2021-01-04,2.864,2.976
2021-01-05,2.94,2.988
2021-01-06,3.0,3.003
2021-01-07,2.996,3.056
2021-01-08,3.065,3.036
2021-01-11,3.052,2.989
2021-01-12,2.98,3.076
2021-01-13,3.071,3.025
2021-01-14,3.01,2.987
2021-01-15,2.98,2.99
2021-01-18,2.969,3.046
2021-01-19,3.034,2.976
2021-01-20,2.992,3.096
2021-01-21,3.103,3.176
2021-01-22,3.17,3.241
2021-01-25,3.242,3.242
2021-01-26,3.222,3.152
2021-01-27,3.151,3.166
2021-01-28,3.111,3.057
2021-01-29,3.089,3.029
2021-02-01,3.024,3.056
2021-02-02,3.062,3.118
2021-02-03,3.128,3.106
2021-02-04,3.09,3.098
2021-02-05,3.102,3.084
2021-02-09,3.171,3.222
2021-02-10,3.23,3.293
2021-02-18,3.353,3.202
2021-02-19,3.191,3.17
2021-02-22,3.156,3.032
2021-02-23,3.0,3.009
2021-02-24,3.01,2.904
2021-02-25,2.929,2.878
2021-02-26,2.854,2.814
2021-03-01,2.85,2.894
2021-03-02,2.908,2.859
2021-03-03,2.848,2.9
2021-03-04,2.863,2.751
2021-03-05,2.706,2.772
2021-03-08,2.783,2.633
2021-03-09,2.618,2.547
2021-03-10,2.607,2.586
2021-03-11,2.585,2.65
2021-03-12,2.666,2.658
2021-03-15,2.64,2.555
2021-03-16,2.562,2.579
2021-03-17,2.56,2.607
2021-03-18,2.619,2.65
2021-03-19,2.608,2.579
2021-03-22,2.583,2.607
2021-03-23,2.595,2.579
2021-03-24,2.558,2.543
2021-03-25,2.522,2.567
2021-03-26,2.576,2.65
2021-03-29,2.644,2.637
2021-03-30,2.627,2.673
2021-03-31,2.662,2.665
2021-04-01,2.665,2.718
2021-04-02,2.725,2.756
2021-04-06,2.762,2.73
2021-04-07,2.74,2.707
2021-04-08,2.694,2.728
2021-04-09,2.722,2.69
2021-04-12,2.683,2.627
2021-04-13,2.618,2.649
2021-04-14,2.654,2.707
2021-04-15,2.695,2.698
2021-04-16,2.707,2.688
2021-04-19,2.681,2.798
2021-04-20,2.788,2.791
2021-04-21,2.767,2.814
2021-04-22,2.831,2.837
2021-04-23,2.824,2.891
2021-04-26,2.91,2.863
2021-04-27,2.857,2.884
2021-04-28,2.884,2.949
2021-04-29,2.946,2.952
2021-04-30,2.941,2.989
2021-05-06,2.963,2.904
2021-05-07,2.91,2.819
2021-05-10,2.82,2.827
2021-05-11,2.796,2.823
2021-05-12,2.813,2.865
2021-05-13,2.836,2.845
2021-05-14,2.857,2.937
2021-05-17,2.945,3.007
2021-05-18,3.0,2.988
2021-05-19,2.965,3.012
2021-05-20,3.003,3.043
2021-05-21,3.055,3.012
2021-05-24,3.01,3.036
2021-05-25,3.042,3.119
2021-05-26,3.12,3.095
2021-05-27,3.086,3.118
2021-05-28,3.117,3.121
2021-05-31,3.13,3.195
2021-06-01,3.18,3.188
2021-06-02,3.2,3.133
2021-06-03,3.129,3.099
2021-06-04,3.077,3.141
2021-06-07,3.136,3.122
2021-06-08,3.118,3.105
2021-06-09,3.096,3.1
2021-06-10,3.107,3.179
2021-06-11,3.196,3.195
2021-06-15,3.191,3.155
2021-06-16,3.145,3.024
2021-06-17,3.023,3.088
2021-06-18,3.096,3.137
2021-06-21,3.127,3.166
2021-06-22,3.17,3.174
2021-06-23,3.179,3.217
2021-06-24,3.212,3.174
2021-06-25,3.18,3.243
2021-06-28,3.238,3.305
2021-06-29,3.329,3.297
2021-06-30,3.302,3.373
2021-07-01,3.381,3.34
2021-07-02,3.332,3.227
2021-07-05,3.223,3.25
2021-07-06,3.242,3.196
2021-07-07,3.172,3.305
2021-07-08,3.317,3.322
2021-07-09,3.3,3.303
2021-07-12,3.339,3.427
2021-07-13,3.415,3.411
2021-07-14,3.402,3.382
2021-07-15,3.359,3.429
2021-07-16,3.41,3.328
2021-07-19,3.326,3.35
2021-07-20,3.318,3.356
2021-07-21,3.364,3.455
2021-07-22,3.455,3.438
2021-07-23,3.434,3.367
2021-07-26,3.34,3.27
2021-07-27,3.259,3.14
2021-07-28,3.11,3.183
2021-07-29,3.26,3.358
2021-07-30,3.34,3.328
2021-08-02,3.328,3.393
2021-08-03,3.39,3.363
2021-08-04,3.356,3.446
2021-08-05,3.44,3.419
2021-08-06,3.435,3.386
2021-08-09,3.351,3.348
2021-08-10,3.34,3.366
2021-08-11,3.355,3.326
2021-08-12,3.32,3.28
2021-08-13,3.26,3.249
2021-08-16,3.225,3.206
2021-08-17,3.204,3.126
2021-08-18,3.134,3.16
2021-08-19,3.148,3.177
2021-08-20,3.155,3.1
2021-08-23,3.105,3.195
2021-08-24,3.195,3.225
2021-08-25,3.225,3.241
2021-08-26,3.247,3.164
2021-08-27,3.16,3.158
2021-08-30,3.17,3.164
2021-08-31,3.163,3.106
2021-09-01,3.11,3.094
2021-09-02,3.08,3.046
2021-09-03,3.046,3.01
2021-09-06,3.012,3.129
2021-09-07,3.113,3.147
2021-09-08,3.152,3.123
2021-09-09,3.116,3.126
2021-09-10,3.113,3.135
2021-09-13,3.127,3.095
2021-09-14,3.094,3.14
2021-09-15,3.122,3.105
2021-09-16,3.103,3.035
2021-09-17,3.027,3.097
2021-09-22,3.057,3.068
2021-09-23,3.087,3.086
2021-09-24,3.077,3.109
2021-09-27,3.119,3.13
2021-09-28,3.118,3.114
2021-09-29,3.095,3.083
2021-09-30,3.088,3.148
2021-10-08,3.169,3.138
2021-10-11,3.147,3.096
2021-10-12,3.081,3.042
2021-10-13,3.04,3.109
2021-10-14,3.1,3.112
2021-10-15,3.11,3.176
2021-10-18,3.178,3.172
2021-10-19,3.18,3.191
2021-10-20,3.19,3.185
2021-10-21,3.188,3.174
2021-10-22,3.184,3.185
2021-10-25,3.182,3.236
2021-10-26,3.256,3.221
2021-10-27,3.221,3.205
2021-10-28,3.196,3.178
2021-10-29,3.186,3.249
2021-11-01,3.245,3.224
2021-11-02,3.227,3.228
2021-11-03,3.213,3.222
2021-11-04,3.233,3.26
2021-11-05,3.243,3.248
2021-11-08,3.24,3.278
2021-11-09,3.278,3.3
2021-11-10,3.287,3.296
2021-11-11,3.284,3.324
2021-11-12,3.318,3.324
2021-11-15,3.324,3.295
2021-11-16,3.292,3.282
2021-11-17,3.284,3.317
2021-11-18,3.305,3.274
2021-11-19,3.273,3.313
2021-11-22,3.322,3.393
2021-11-23,3.392,3.38
2021-11-24,3.381,3.362
2021-11-25,3.366,3.368
2021-11-26,3.367,3.364
2021-11-29,3.345,3.389
2021-11-30,3.395,3.386
2021-12-01,3.377,3.365
2021-12-02,3.354,3.355
2021-12-03,3.355,3.37
2021-12-06,3.354,3.294
2021-12-07,3.314,3.266
2021-12-08,3.266,3.314
2021-12-09,3.304,3.353
2021-12-10,3.335,3.37
2021-12-13,3.362,3.389
2021-12-14,3.37,3.384
2021-12-15,3.382,3.355
2021-12-16,3.361,3.378
2021-12-17,3.376,3.328
2021-12-20,3.322,3.225
2021-12-21,3.227,3.247
2021-12-22,3.249,3.26
2021-12-23,3.269,3.269
2021-12-24,3.268,3.196
2021-12-27,3.183,3.19
2021-12-28,3.193,3.226
2021-12-29,3.216,3.182
2021-12-30,3.18,3.219
2021-12-31,3.231,3.218
2022-01-04,3.236,3.154
2022-01-05,3.151,3.064
2022-01-06,3.043,3.034
2022-01-07,3.035,3.003
2022-01-10,3.0,2.998
2022-01-11,2.998,2.96
2022-01-12,2.984,3.035
2022-01-13,3.042,2.99
2022-01-14,2.975,3.015
2022-01-17,3.0,3.068
2022-01-18,3.057,3.047
2022-01-19,3.036,2.985
2022-01-20,2.973,2.975
2022-01-21,2.957,2.941
2022-01-24,2.929,2.962
2022-01-25,2.94,2.881
2022-01-26,2.893,2.906
2022-01-27,2.889,2.815
2022-01-28,2.848,2.819
2022-02-07,2.87,2.83
2022-02-08,2.826,2.758
2022-02-09,2.749,2.791
2022-02-10,2.794,2.74
2022-02-11,2.715,2.66
2022-02-14,2.648,2.646
2022-02-15,2.653,2.726
2022-02-16,2.733,2.725
2022-02-17,2.716,2.744
2022-02-18,2.727,2.739
2022-02-21,2.739,2.713
2022-02-22,2.689,2.678
2022-02-23,2.683,2.754
2022-02-24,2.721,2.693
2022-02-25,2.732,2.763
2022-02-28,2.763,2.786
2022-03-01,2.8,2.795
2022-03-02,2.777,2.741
2022-03-03,2.76,2.704
2022-03-04,2.681,2.662
2022-03-07,2.641,2.543
2022-03-08,2.54,2.507
2022-03-09,2.515,2.483
2022-03-10,2.552,2.547
2022-03-11,2.502,2.583
2022-03-14,2.547,2.49
2022-03-15,2.455,2.421
2022-03-16,2.46,2.552
2022-03-17,2.595,2.624
2022-03-18,2.61,2.635
2022-03-21,2.639,2.636
2022-03-22,2.623,2.602
2022-03-23,2.619,2.629
2022-03-24,2.605,2.62
2022-03-25,2.612,2.565
2022-03-28,2.54,2.512
2022-03-29,2.517,2.511
2022-03-30,2.527,2.61
2022-03-31,2.595,2.574
2022-04-01,2.55,2.58
2022-04-06,2.566,2.55
2022-04-07,2.535,2.496
2022-04-08,2.496,2.491
2022-04-11,2.46,2.386
2022-04-12,2.386,2.44
2022-04-13,2.418,2.394
2022-04-14,2.42,2.389
2022-04-15,2.36,2.385
2022-04-18,2.361,2.412
2022-04-19,2.398,2.377
2022-04-20,2.376,2.288
2022-04-21,2.27,2.24
2022-04-22,2.221,2.225
2022-04-25,2.177,2.103
2022-04-26,2.103,2.086
2022-04-27,2.066,2.2
2022-04-28,2.172,2.158
2022-04-29,2.166,2.244
2022-05-05,2.2,2.212
2022-05-06,2.16,2.177
2022-05-09,2.165,2.162
2022-05-10,2.136,2.204
2022-05-11,2.206,2.272
2022-05-12,2.256,2.277
2022-05-13,2.29,2.285
2022-05-16,2.295,2.257
2022-05-17,2.256,2.293
2022-05-18,2.291,2.29
2022-05-19,2.255,2.306
2022-05-20,2.317,2.347
2022-05-23,2.347,2.332
2022-05-24,2.331,2.246
2022-05-25,2.246,2.253
2022-05-26,2.254,2.249
2022-05-27,2.268,2.251
2022-05-30,2.262,2.276
2022-05-31,2.276,2.334
2022-06-01,2.333,2.354
2022-06-02,2.341,2.386
2022-06-06,2.38,2.477
2022-06-07,2.474,2.478
2022-06-08,2.477,2.494
2022-06-09,2.477,2.423
2022-06-10,2.408,2.48
2022-06-13,2.458,2.469
2022-06-14,2.443,2.475
2022-06-15,2.476,2.497
2022-06-16,2.498,2.507
2022-06-17,2.482,2.584
2022-06-20,2.59,2.626
2022-06-21,2.626,2.615
2022-06-22,2.614,2.596
2022-06-23,2.601,2.68
2022-06-24,2.697,2.738
2022-06-27,2.751,2.741
2022-06-28,2.739,2.754
2022-06-29,2.734,2.683
2022-06-30,2.689,2.73
2022-07-01,2.728,2.699
2022-07-04,2.682,2.75
2022-07-05,2.758,2.739
2022-07-06,2.734,2.725
2022-07-07,2.721,2.769
2022-07-08,2.779,2.731
2022-07-11,2.729,2.69
2022-07-12,2.682,2.622
2022-07-13,2.628,2.665
2022-07-14,2.653,2.735
2022-07-15,2.729,2.68
2022-07-18,2.685,2.717
2022-07-19,2.715,2.67
2022-07-20,2.682,2.68
2022-07-21,2.674,2.67
2022-07-22,2.694,2.651
2022-07-25,2.647,2.629
2022-07-26,2.628,2.634
2022-07-27,2.629,2.637
2022-07-28,2.653,2.629
2022-07-29,2.633,2.594
2022-08-01,2.58,2.657
2022-08-02,2.627,2.605
2022-08-03,2.613,2.553
2022-08-04,2.56,2.565
2022-08-05,2.566,2.606
2022-08-08,2.588,2.596
2022-08-09,2.596,2.614
2022-08-10,2.606,2.579
2022-08-11,2.59,2.647
2022-08-12,2.633,2.613
2022-08-15,2.606,2.638
2022-08-16,2.639,2.652
2022-08-17,2.653,2.695
2022-08-18,2.687,2.693
2022-08-19,2.693,2.653
2022-08-22,2.65,2.699
2022-08-23,2.69,2.697
2022-08-24,2.714,2.6
2022-08-25,2.604,2.59
2022-08-26,2.581,2.566
2022-08-29,2.541,2.553
2022-08-30,2.551,2.538
2022-08-31,2.525,2.491
2022-09-01,2.487,2.463
2022-09-02,2.466,2.461
2022-09-05,2.454,2.467
2022-09-06,2.466,2.468
2022-09-07,2.45,2.493
2022-09-08,2.494,2.448
2022-09-09,2.453,2.476
2022-09-13,2.485,2.475
2022-09-14,2.445,2.431
2022-09-15,2.431,2.349
2022-09-16,2.341,2.297
2022-09-19,2.292,2.285
2022-09-20,2.295,2.297
2022-09-21,2.284,2.265
2022-09-22,2.25,2.252
2022-09-23,2.245,2.239
2022-09-26,2.226,2.253
2022-09-27,2.258,2.306
2022-09-28,2.294,2.249
2022-09-29,2.269,2.267
2022-09-30,2.259,2.221
2022-10-10,2.219,2.166
2022-10-11,2.183,2.192
2022-10-12,2.191,2.274
2022-10-13,2.255,2.282
2022-10-14,2.315,2.365
2022-10-17,2.349,2.362
2022-10-18,2.38,2.373
2022-10-19,2.366,2.355
2022-10-20,2.34,2.337
2022-10-21,2.337,2.321
2022-10-24,2.323,2.266
2022-10-25,2.252,2.241
2022-10-26,2.251,2.302
2022-10-27,2.319,2.265
2022-10-28,2.247,2.187
2022-10-31,2.166,2.202
2022-11-01,2.208,2.275
2022-11-02,2.261,2.305
2022-11-03,2.283,2.309
2022-11-04,2.307,2.383
2022-11-07,2.372,2.379
2022-11-08,2.379,2.363
2022-11-09,2.356,2.326
2022-11-10,2.313,2.288
2022-11-11,2.4,2.33
